-- phpMyAdmin SQL Dump
-- version 4.8.0.1
-- https://www.phpmyadmin.net/
--
-- Host: 127.0.0.1
-- Generation Time: Sep 13, 2018 at 07:49 AM
-- Server version: 10.1.32-MariaDB
-- PHP Version: 7.2.5

SET SQL_MODE = "NO_AUTO_VALUE_ON_ZERO";
SET AUTOCOMMIT = 0;
START TRANSACTION;
SET time_zone = "+00:00";


/*!40101 SET @OLD_CHARACTER_SET_CLIENT=@@CHARACTER_SET_CLIENT */;
/*!40101 SET @OLD_CHARACTER_SET_RESULTS=@@CHARACTER_SET_RESULTS */;
/*!40101 SET @OLD_COLLATION_CONNECTION=@@COLLATION_CONNECTION */;
/*!40101 SET NAMES utf8mb4 */;

--
-- Database: `eapi`
--

-- --------------------------------------------------------

--
-- Table structure for table `migrations`
--

CREATE TABLE `migrations` (
  `id` int(10) UNSIGNED NOT NULL,
  `migration` varchar(191) COLLATE utf8mb4_unicode_ci NOT NULL,
  `batch` int(11) NOT NULL
) ENGINE=InnoDB DEFAULT CHARSET=utf8mb4 COLLATE=utf8mb4_unicode_ci;

--
-- Dumping data for table `migrations`
--

INSERT INTO `migrations` (`id`, `migration`, `batch`) VALUES
(9, '2014_10_12_000000_create_users_table', 1),
(10, '2014_10_12_100000_create_password_resets_table', 1),
(11, '2018_09_04_045408_create_products_table', 1),
(12, '2018_09_04_045422_create_reviews_table', 1);

-- --------------------------------------------------------

--
-- Table structure for table `password_resets`
--

CREATE TABLE `password_resets` (
  `email` varchar(191) COLLATE utf8mb4_unicode_ci NOT NULL,
  `token` varchar(191) COLLATE utf8mb4_unicode_ci NOT NULL,
  `created_at` timestamp NULL DEFAULT NULL
) ENGINE=InnoDB DEFAULT CHARSET=utf8mb4 COLLATE=utf8mb4_unicode_ci;

-- --------------------------------------------------------

--
-- Table structure for table `products`
--

CREATE TABLE `products` (
  `id` int(10) UNSIGNED NOT NULL,
  `name` varchar(191) COLLATE utf8mb4_unicode_ci NOT NULL,
  `details` text COLLATE utf8mb4_unicode_ci NOT NULL,
  `price` int(11) NOT NULL,
  `stok` int(11) NOT NULL,
  `discount` int(11) NOT NULL,
  `created_at` timestamp NULL DEFAULT NULL,
  `updated_at` timestamp NULL DEFAULT NULL
) ENGINE=InnoDB DEFAULT CHARSET=utf8mb4 COLLATE=utf8mb4_unicode_ci;

--
-- Dumping data for table `products`
--

INSERT INTO `products` (`id`, `name`, `details`, `price`, `stok`, `discount`, `created_at`, `updated_at`) VALUES
(1, 'est', 'Harum tempore dicta et velit quis officiis et id. Dolor itaque corporis nostrum incidunt. Dolorem sint impedit iste incidunt. Voluptatem et harum voluptates enim sed.', 369, 4, 3, '2018-09-12 23:46:23', '2018-09-12 23:46:23'),
(2, 'atque', 'Nihil et sequi et voluptatem error quibusdam impedit animi. Minima voluptatem enim quo et iste. Ut fugit quia similique ut sunt dolores. Velit corporis vero vel quo quo.', 462, 4, 19, '2018-09-12 23:46:23', '2018-09-12 23:46:23'),
(3, 'pariatur', 'Iure quasi culpa voluptates odio atque. Libero aliquid vitae et. Qui sint delectus dolor voluptatum sed laudantium sit.', 841, 4, 8, '2018-09-12 23:46:23', '2018-09-12 23:46:23'),
(4, 'ea', 'Nesciunt necessitatibus necessitatibus dicta expedita architecto molestiae laboriosam ipsum. Aperiam unde laboriosam earum aliquam ipsa consequatur. Nihil aut quia nulla consequatur nam quam. Ut quod et consectetur quasi ea.', 838, 4, 14, '2018-09-12 23:46:23', '2018-09-12 23:46:23'),
(5, 'qui', 'Quo temporibus et et accusantium illum. Necessitatibus dicta fugit a. Qui illo nam ut illum.', 206, 3, 24, '2018-09-12 23:46:24', '2018-09-12 23:46:24'),
(6, 'omnis', 'Enim recusandae id ut omnis consequuntur. Accusantium nobis ipsam ratione aperiam qui recusandae. Nihil sed excepturi quasi totam.', 544, 8, 9, '2018-09-12 23:46:24', '2018-09-12 23:46:24'),
(7, 'ipsa', 'Enim in velit aut deleniti. Tempore omnis dolorum accusamus sunt labore voluptatem laboriosam. Modi et adipisci voluptatem. Autem non eius labore adipisci eos.', 312, 2, 22, '2018-09-12 23:46:24', '2018-09-12 23:46:24'),
(8, 'dolores', 'Aspernatur quaerat aperiam voluptatem deleniti consectetur optio neque. Cum perspiciatis aut sed est voluptatem officiis. Eos modi dignissimos quasi corrupti velit.', 997, 0, 21, '2018-09-12 23:46:24', '2018-09-12 23:46:24'),
(9, 'eos', 'Ipsa ex sit maxime et et rerum. Consequatur ut in est voluptatem est est deleniti. Pariatur cumque perspiciatis nemo sed expedita. Maxime reiciendis earum aliquam ea voluptatem a rerum magni.', 208, 7, 4, '2018-09-12 23:46:24', '2018-09-12 23:46:24'),
(10, 'nihil', 'Provident voluptatem laboriosam et consequatur omnis sed omnis. Et debitis doloremque omnis deleniti ut recusandae sit. Veniam quod ut labore accusamus placeat beatae ipsam. Amet quaerat dolores iste laboriosam officiis harum ut.', 676, 9, 18, '2018-09-12 23:46:24', '2018-09-12 23:46:24'),
(11, 'et', 'Provident commodi voluptas minima earum consequatur praesentium reiciendis. Ut et modi est tenetur earum. Ipsum modi temporibus atque deleniti saepe rerum eaque. Vel rerum eos aliquam aspernatur dignissimos quod maiores sapiente.', 874, 0, 5, '2018-09-12 23:46:24', '2018-09-12 23:46:24'),
(12, 'incidunt', 'Sed impedit molestiae qui molestias nisi laborum. Eum accusamus tenetur et itaque magnam architecto earum repellat. Quia non maxime ut et.', 332, 6, 17, '2018-09-12 23:46:24', '2018-09-12 23:46:24'),
(13, 'placeat', 'Est necessitatibus nihil dolor. Et sed id nostrum iusto. Libero necessitatibus sed voluptatem nobis.', 152, 8, 21, '2018-09-12 23:46:24', '2018-09-12 23:46:24'),
(14, 'atque', 'Esse maxime assumenda omnis et quidem. Ad maxime quidem ut dolores aut tenetur est. Quibusdam assumenda dolorem cumque qui sint. Voluptatum natus quibusdam possimus architecto. Consectetur aliquid dolore minus ipsam.', 143, 8, 18, '2018-09-12 23:46:24', '2018-09-12 23:46:24'),
(15, 'ipsum', 'Hic eveniet enim officia laudantium eius voluptas. Officia sunt veritatis aut ut assumenda est harum quia. Id vel beatae maxime magnam aut.', 224, 4, 16, '2018-09-12 23:46:24', '2018-09-12 23:46:24'),
(16, 'consectetur', 'Qui aperiam suscipit voluptate ea. Laborum doloremque nostrum quasi. Dolorum ipsa tempore odio corrupti.', 676, 4, 3, '2018-09-12 23:46:24', '2018-09-12 23:46:24'),
(17, 'ipsum', 'Nostrum porro et accusantium reprehenderit rem nihil. Est non ipsam magnam a dolores ab. Aliquid ut autem perferendis sequi labore culpa non. Minus placeat aliquam quisquam.', 231, 5, 23, '2018-09-12 23:46:24', '2018-09-12 23:46:24'),
(18, 'in', 'Accusamus sapiente voluptates voluptatibus sequi illum nihil omnis officiis. Eligendi quaerat magnam ut laudantium. Deleniti dolores sit quidem debitis unde quis voluptates.', 595, 2, 4, '2018-09-12 23:46:24', '2018-09-12 23:46:24'),
(19, 'quos', 'Pariatur ipsum repellendus qui voluptate et nihil consequatur. Voluptates minima voluptas veniam explicabo aut qui quis voluptates. Quis magni qui incidunt quo velit. Fuga doloremque a eveniet expedita odio iure.', 451, 8, 12, '2018-09-12 23:46:24', '2018-09-12 23:46:24'),
(20, 'placeat', 'Nostrum aliquam et perspiciatis tempore sapiente eligendi. Aliquam repellendus voluptatum fugit libero. Et natus iste libero excepturi ut voluptate.', 424, 7, 10, '2018-09-12 23:46:24', '2018-09-12 23:46:24'),
(21, 'quod', 'Eveniet nihil natus corporis. Reprehenderit est nihil delectus quasi alias blanditiis natus. Pariatur consequatur repellat dignissimos qui dolorem dolore provident quibusdam. Nostrum quis et iusto deleniti impedit. Ducimus reiciendis sed consectetur quisquam consectetur.', 945, 3, 12, '2018-09-12 23:46:24', '2018-09-12 23:46:24'),
(22, 'a', 'Omnis dignissimos et non animi. Aut consectetur exercitationem hic. Modi ipsam explicabo vel totam cupiditate. Quae quasi deleniti et voluptate aut voluptas placeat.', 201, 8, 14, '2018-09-12 23:46:24', '2018-09-12 23:46:24'),
(23, 'harum', 'Et iure eveniet aut. Quo rerum ut nisi voluptatem. Nihil ut quibusdam nobis totam aut. Et est qui voluptatem voluptatem nihil.', 204, 2, 17, '2018-09-12 23:46:24', '2018-09-12 23:46:24'),
(24, 'voluptatem', 'Alias sunt voluptas placeat est. Aliquid aut inventore iure. Perferendis rerum molestiae aliquam blanditiis consequatur facere quidem ut.', 132, 6, 20, '2018-09-12 23:46:24', '2018-09-12 23:46:24'),
(25, 'qui', 'Explicabo officiis ut ea cupiditate. Molestiae consequatur eligendi tempore voluptatibus quasi aut commodi. Vero at veritatis quo nulla libero natus.', 425, 5, 13, '2018-09-12 23:46:24', '2018-09-12 23:46:24'),
(26, 'est', 'Sapiente quos eligendi molestiae voluptas. Impedit et commodi enim possimus laboriosam rerum est. Ducimus perspiciatis repellat sint accusamus modi dignissimos nihil.', 724, 1, 19, '2018-09-12 23:46:24', '2018-09-12 23:46:24'),
(27, 'ratione', 'Necessitatibus officia possimus voluptatibus fugiat maiores. Recusandae nulla odio quaerat. Est officia rem minima est est numquam suscipit quis. Nihil quo et ea laborum est et deleniti. Consequatur accusantium omnis ut ipsam est.', 355, 2, 23, '2018-09-12 23:46:24', '2018-09-12 23:46:24'),
(28, 'expedita', 'Sit illo animi quasi illo voluptatem a. Sit minus alias corrupti ipsum veniam. Molestiae repellendus minus perferendis aut qui quia et enim. Omnis et unde ullam ex.', 544, 8, 18, '2018-09-12 23:46:24', '2018-09-12 23:46:24'),
(29, 'possimus', 'Dolorum quod qui aliquam temporibus omnis. Unde vel et nisi qui autem blanditiis repudiandae impedit. Cum commodi ut ipsa officiis quia. Error et rem cumque commodi eius.', 353, 3, 18, '2018-09-12 23:46:24', '2018-09-12 23:46:24'),
(30, 'consequuntur', 'Aperiam tempora dolores esse est. Maxime unde sed officia sunt expedita. Voluptas illo et a nesciunt atque labore aut. Dignissimos corporis aut culpa tempora consectetur.', 395, 6, 10, '2018-09-12 23:46:24', '2018-09-12 23:46:24'),
(31, 'debitis', 'Iure culpa et quaerat. Cum modi qui quis. Maxime aperiam deleniti eos veniam ullam molestiae quod.', 990, 5, 10, '2018-09-12 23:46:24', '2018-09-12 23:46:24'),
(32, 'aut', 'Quia quod ipsum ducimus eius vel. Maxime optio minus dolorum voluptas. Sit aut minus quas nesciunt dicta dolores. Commodi omnis sed repellendus quod.', 163, 6, 5, '2018-09-12 23:46:24', '2018-09-12 23:46:24'),
(33, 'ut', 'Dolorem et impedit facilis explicabo voluptatem laudantium. Temporibus dicta veniam perferendis quia. Repudiandae corrupti asperiores dolorem illo.', 942, 3, 25, '2018-09-12 23:46:24', '2018-09-12 23:46:24'),
(34, 'nostrum', 'Et impedit veniam ipsum cupiditate. Aut iure commodi eos consequatur aut earum. Occaecati impedit quis sequi odio ratione rem. Assumenda eius laborum nihil at repellat non.', 557, 2, 4, '2018-09-12 23:46:24', '2018-09-12 23:46:24'),
(35, 'aliquid', 'Voluptatibus laborum voluptatibus hic inventore in ipsam ex. Sint rerum sed consectetur.', 630, 6, 22, '2018-09-12 23:46:24', '2018-09-12 23:46:24'),
(36, 'est', 'Architecto aut ipsam tenetur est voluptas quasi. Numquam sapiente consequatur sint aliquid libero facere. Sunt asperiores expedita qui a excepturi. Ut et explicabo corrupti at.', 679, 9, 15, '2018-09-12 23:46:24', '2018-09-12 23:46:24'),
(37, 'maiores', 'Quia doloribus dolor saepe dicta qui. Quasi architecto et natus vero omnis aut sint. Velit quo natus ex qui facilis. Eos unde voluptatem nostrum dolores.', 731, 3, 9, '2018-09-12 23:46:24', '2018-09-12 23:46:24'),
(38, 'pariatur', 'Ut autem est dolores ea unde rem nam. Et pariatur et ut officia.', 534, 0, 3, '2018-09-12 23:46:24', '2018-09-12 23:46:24'),
(39, 'perspiciatis', 'Esse est error perspiciatis odio repellat alias. Corporis autem facilis ratione. Totam perferendis voluptas cum. Occaecati vel mollitia rerum consequuntur sapiente architecto ducimus.', 308, 7, 4, '2018-09-12 23:46:24', '2018-09-12 23:46:24'),
(40, 'et', 'Et iste tenetur tempora qui eligendi ut iure. Dolorum alias accusamus eos est autem voluptatem. Vel modi molestiae eveniet vel.', 503, 1, 12, '2018-09-12 23:46:24', '2018-09-12 23:46:24'),
(41, 'rerum', 'Et deserunt quidem similique velit laboriosam mollitia ratione. Blanditiis quis consectetur autem iusto rerum nam. Et provident qui nemo id accusamus magnam in veniam. Dolorum sit sunt id nihil sint corporis.', 244, 5, 22, '2018-09-12 23:46:24', '2018-09-12 23:46:24'),
(42, 'et', 'Dolor rerum aliquam molestias numquam. Enim consequatur fugit officia. Est tempore et illo sit sit corporis. Quibusdam sequi et doloribus eos qui provident quo. Ab ipsam vel placeat sunt ea quos fugit.', 862, 8, 12, '2018-09-12 23:46:24', '2018-09-12 23:46:24'),
(43, 'error', 'Reiciendis consectetur nemo est atque sit. Vel reprehenderit nihil assumenda tempora officiis quis id.', 651, 5, 4, '2018-09-12 23:46:25', '2018-09-12 23:46:25'),
(44, 'accusantium', 'Totam aut amet voluptas cum. Numquam laudantium voluptas accusamus quo aut ducimus. Vel nihil voluptatem odit officia nesciunt iste. Necessitatibus aut culpa adipisci laudantium optio tenetur accusantium tenetur.', 159, 9, 15, '2018-09-12 23:46:25', '2018-09-12 23:46:25'),
(45, 'nulla', 'Ullam in ab aspernatur rerum sapiente. Non eaque quos atque dicta. Cupiditate ex sint quaerat.', 377, 7, 26, '2018-09-12 23:46:25', '2018-09-12 23:46:25'),
(46, 'occaecati', 'Sed nam at molestias praesentium doloremque. Asperiores ullam sunt fugit quas praesentium. Natus assumenda repudiandae iusto repellat ea itaque.', 208, 1, 2, '2018-09-12 23:46:25', '2018-09-12 23:46:25'),
(47, 'vel', 'Quod suscipit consectetur explicabo et. Quod et eaque reprehenderit est ex et optio minus. Sapiente quis est laboriosam perspiciatis minima quibusdam dolore.', 370, 9, 2, '2018-09-12 23:46:25', '2018-09-12 23:46:25'),
(48, 'eius', 'Est id et est enim in expedita iste. Id fugiat consequuntur animi reprehenderit sapiente fuga. Ut exercitationem quo explicabo repellat velit enim sint blanditiis. Voluptate omnis alias est nesciunt tempore.', 662, 8, 20, '2018-09-12 23:46:25', '2018-09-12 23:46:25'),
(49, 'aspernatur', 'Fugit dolores autem officia labore. Reiciendis aliquid vero iure illo quas. Amet autem consequatur sint sunt perspiciatis praesentium eos voluptas.', 235, 4, 29, '2018-09-12 23:46:25', '2018-09-12 23:46:25'),
(50, 'sunt', 'Sed nulla fugit aut atque voluptatem maiores sed. Quibusdam magnam et praesentium voluptatem. Ea doloremque facilis ipsam sunt sit reiciendis consequuntur atque. Ipsam quia quia enim eos laudantium expedita voluptatem.', 380, 2, 29, '2018-09-12 23:46:25', '2018-09-12 23:46:25');

-- --------------------------------------------------------

--
-- Table structure for table `reviews`
--

CREATE TABLE `reviews` (
  `id` int(10) UNSIGNED NOT NULL,
  `product_id` int(10) UNSIGNED NOT NULL,
  `customer` varchar(191) COLLATE utf8mb4_unicode_ci NOT NULL,
  `review` text COLLATE utf8mb4_unicode_ci NOT NULL,
  `star` int(11) NOT NULL,
  `created_at` timestamp NULL DEFAULT NULL,
  `updated_at` timestamp NULL DEFAULT NULL
) ENGINE=InnoDB DEFAULT CHARSET=utf8mb4 COLLATE=utf8mb4_unicode_ci;

--
-- Dumping data for table `reviews`
--

INSERT INTO `reviews` (`id`, `product_id`, `customer`, `review`, `star`, `created_at`, `updated_at`) VALUES
(1, 36, 'Andre Sporer', 'Perspiciatis corporis omnis saepe consequatur molestias. Mollitia ab et eos ut deleniti. Enim iusto rerum dolor omnis non at.', 3, '2018-09-12 23:46:25', '2018-09-12 23:46:25'),
(2, 2, 'Jedediah Hayes', 'Sit reiciendis occaecati est veritatis earum omnis. Fuga dolorum voluptate eaque consequuntur pariatur. In quo natus ipsum cumque. Omnis fugiat in ut exercitationem sunt omnis reiciendis. Et sunt rerum eveniet amet nostrum ut nemo.', 2, '2018-09-12 23:46:25', '2018-09-12 23:46:25'),
(3, 28, 'Bartholome Buckridge', 'Culpa facilis animi qui architecto nulla quo sequi est. Eaque sint dolores eum. Voluptatem est omnis animi. Deleniti quos et nesciunt cumque.', 1, '2018-09-12 23:46:25', '2018-09-12 23:46:25'),
(4, 46, 'Dr. Elisa Funk DVM', 'Unde nihil fuga repellat magni qui et. Vel tenetur hic et assumenda sapiente aperiam. Atque ab mollitia voluptas incidunt tempora non.', 4, '2018-09-12 23:46:25', '2018-09-12 23:46:25'),
(5, 8, 'Abigayle Prohaska', 'Aliquam eveniet odio nemo qui sit culpa sequi. Voluptates distinctio sed exercitationem ea veniam quam. Asperiores molestias molestiae cum ut et et quidem odio. Qui ipsam libero omnis dolorem dolore unde. Tenetur totam inventore sed expedita aliquam est ea.', 1, '2018-09-12 23:46:25', '2018-09-12 23:46:25'),
(6, 12, 'Abigail Bednar', 'Dicta magnam ad quam dignissimos sed quidem architecto. Error iusto totam quod ea sit qui. Qui veritatis sed esse quam nihil unde eos. Non amet aperiam est sunt. Tenetur beatae fuga repellendus repudiandae expedita omnis consequatur.', 2, '2018-09-12 23:46:25', '2018-09-12 23:46:25'),
(7, 13, 'Cale Hills', 'Quo quam omnis voluptatem laborum. Est exercitationem a quos iste qui. Similique facere aperiam dolorem quo. Culpa vitae suscipit sed molestias molestiae. Aspernatur voluptates voluptas qui nesciunt blanditiis assumenda.', 2, '2018-09-12 23:46:26', '2018-09-12 23:46:26'),
(8, 6, 'Ms. Melissa Kuvalis V', 'Vel omnis nemo voluptates numquam. Sed ratione aut voluptatem asperiores cumque dicta. Magnam incidunt in dolorem consequuntur aut.', 0, '2018-09-12 23:46:26', '2018-09-12 23:46:26'),
(9, 47, 'Patience Friesen', 'Explicabo maxime voluptatibus blanditiis a qui ut perspiciatis. Rerum blanditiis totam vitae consequatur. Neque dolor esse doloremque sapiente. Non et non voluptatem voluptate.', 2, '2018-09-12 23:46:26', '2018-09-12 23:46:26'),
(10, 13, 'Hosea Erdman', 'Qui consectetur magnam commodi laborum qui. Aliquam voluptatem est odit numquam. Vero suscipit debitis aspernatur quo voluptatem pariatur.', 5, '2018-09-12 23:46:26', '2018-09-12 23:46:26'),
(11, 8, 'Miss Blanche Becker I', 'Veniam ut voluptatum molestias vel. Ex consequuntur vel nam molestiae reiciendis est. Dolorem a itaque qui est.', 5, '2018-09-12 23:46:26', '2018-09-12 23:46:26'),
(12, 18, 'Karlie Funk', 'Culpa nam unde consequatur voluptates aut. Neque vel voluptatibus aut sed qui modi corporis. Dolorem omnis ut dolorem.', 3, '2018-09-12 23:46:26', '2018-09-12 23:46:26'),
(13, 1, 'Magdalena Fahey', 'Nemo facilis corporis aliquid occaecati esse consequuntur. Quam et enim sed. Incidunt nobis aut vel sit. Beatae ut nesciunt perspiciatis aut et animi.', 2, '2018-09-12 23:46:26', '2018-09-12 23:46:26'),
(14, 11, 'Mr. Hunter Wolf', 'Pariatur voluptas exercitationem aliquid minus. Et numquam eveniet aliquid sit nesciunt. Est et accusamus et quisquam est.', 3, '2018-09-12 23:46:26', '2018-09-12 23:46:26'),
(15, 26, 'Dolores Rempel', 'Quia voluptatibus ut asperiores quia est optio possimus. Dicta eum officiis nemo rem est possimus aut. Aperiam suscipit dolorum voluptatem asperiores quas. Facere quisquam at asperiores molestias saepe assumenda. Sit odit explicabo autem dolores.', 5, '2018-09-12 23:46:26', '2018-09-12 23:46:26'),
(16, 19, 'Hildegard Thiel', 'Debitis eius eius aut qui. Est velit deserunt temporibus molestiae culpa possimus voluptates. Alias fuga et suscipit non odit sequi delectus. Tempore perspiciatis dicta illo enim harum.', 1, '2018-09-12 23:46:26', '2018-09-12 23:46:26'),
(17, 49, 'Shany Kovacek', 'Facilis doloremque quia sit adipisci nihil veritatis. Sed aut et velit rem quisquam voluptas. Cumque omnis ut quae adipisci eum autem molestias et.', 0, '2018-09-12 23:46:26', '2018-09-12 23:46:26'),
(18, 39, 'Laura Lind', 'Commodi veritatis qui est. Dolorem dicta dignissimos corrupti repellendus veniam non eum. Libero ut id in doloribus excepturi eius quod. Ducimus fuga iure blanditiis eveniet.', 4, '2018-09-12 23:46:26', '2018-09-12 23:46:26'),
(19, 25, 'Dr. Jayden Mohr', 'Nobis voluptas placeat vero velit in eaque. Aspernatur delectus eligendi rerum blanditiis. Quibusdam consequatur velit optio amet minima.', 3, '2018-09-12 23:46:26', '2018-09-12 23:46:26'),
(20, 44, 'Olen Cruickshank DDS', 'Quo omnis ea recusandae quia. Beatae ad doloribus sit. Ab voluptas distinctio ut dolores suscipit molestiae. Voluptas ut aperiam voluptate tempore aut itaque quia.', 4, '2018-09-12 23:46:26', '2018-09-12 23:46:26'),
(21, 38, 'Luz Lueilwitz', 'Minus ea sed adipisci at. Possimus rerum ea officia in omnis est voluptatem blanditiis. Dignissimos fugiat optio quos eos. Tempore eum commodi ut eaque aspernatur.', 1, '2018-09-12 23:46:26', '2018-09-12 23:46:26'),
(22, 39, 'Osvaldo Hilpert', 'Assumenda sunt voluptates modi animi. Sit qui quibusdam eveniet dolores eum.', 2, '2018-09-12 23:46:26', '2018-09-12 23:46:26'),
(23, 7, 'Luigi Cruickshank', 'In nihil commodi vero odio. Praesentium hic aut ipsa. Commodi sint odit quia ut doloremque iusto praesentium. Soluta beatae harum eum commodi quod numquam doloribus.', 2, '2018-09-12 23:46:26', '2018-09-12 23:46:26'),
(24, 25, 'Freeda Davis', 'Mollitia ab pariatur aut minima. Ex nemo fuga et reprehenderit eius veniam dolor molestiae.', 3, '2018-09-12 23:46:26', '2018-09-12 23:46:26'),
(25, 29, 'Dr. Shakira Becker DVM', 'Doloremque provident consectetur ad culpa assumenda ut quo. Sint sed deleniti temporibus sunt maiores. Ut itaque officia minima non repudiandae numquam voluptatem.', 1, '2018-09-12 23:46:26', '2018-09-12 23:46:26'),
(26, 1, 'Carmine Barrows', 'Facilis earum et itaque sit est aut cum. Veniam est saepe rem.', 0, '2018-09-12 23:46:26', '2018-09-12 23:46:26'),
(27, 9, 'Jewel Murazik', 'Quidem consequatur et ipsa neque quod voluptatem. Voluptate fugiat magnam eligendi tempore et ut temporibus. Accusantium modi omnis inventore incidunt minus. Recusandae unde doloribus et.', 5, '2018-09-12 23:46:26', '2018-09-12 23:46:26'),
(28, 8, 'Harley Sauer', 'Ea quos occaecati neque aut ad. Nihil voluptatem aliquid debitis similique. Tempora ut qui omnis quibusdam alias tempora non qui.', 3, '2018-09-12 23:46:26', '2018-09-12 23:46:26'),
(29, 47, 'Federico Fritsch', 'Consequatur quos rem recusandae et iusto fugiat dignissimos. Quo nemo ipsum ut quibusdam ut reprehenderit. Perspiciatis ex voluptas culpa doloremque esse. Voluptates quis autem omnis enim qui ut.', 1, '2018-09-12 23:46:27', '2018-09-12 23:46:27'),
(30, 7, 'Isobel Greenfelder', 'A ut porro enim. In odio iusto at exercitationem. Ullam omnis quo nihil enim perspiciatis est omnis. Consectetur aliquam atque voluptas ab error.', 0, '2018-09-12 23:46:27', '2018-09-12 23:46:27'),
(31, 26, 'Stefan Braun', 'Quos sit perferendis accusantium id blanditiis. Amet fuga ipsa placeat qui tenetur. Voluptas labore quibusdam maxime sit.', 0, '2018-09-12 23:46:27', '2018-09-12 23:46:27'),
(32, 22, 'Orlando Huels DVM', 'Consectetur veritatis placeat qui. Aut officiis vitae ullam facere fugiat minus voluptate architecto.', 4, '2018-09-12 23:46:27', '2018-09-12 23:46:27'),
(33, 48, 'Clarabelle Nienow', 'Dolor omnis ut quae quia laboriosam commodi voluptatem. Enim quam ipsa molestiae inventore dicta ut sunt. Libero facilis pariatur consequatur rerum ab. Repellendus eum quis quo qui et architecto. Assumenda quisquam aut ut facilis soluta in quis.', 3, '2018-09-12 23:46:27', '2018-09-12 23:46:27'),
(34, 49, 'Alisha Watsica DDS', 'Laudantium quas numquam laborum nam incidunt incidunt facere. Autem rem maiores libero ut fugit quia nemo impedit. Recusandae blanditiis quia architecto in.', 0, '2018-09-12 23:46:27', '2018-09-12 23:46:27'),
(35, 18, 'Priscilla Bashirian', 'Modi dicta sed et ullam ut. Quas cum aliquid ipsam aut. Non et iusto ut velit neque ipsum. Et dolores molestiae nihil vero eveniet sed nesciunt.', 4, '2018-09-12 23:46:27', '2018-09-12 23:46:27'),
(36, 20, 'Norbert Conroy', 'Enim ex eveniet odio et. Aut architecto itaque quia et.', 0, '2018-09-12 23:46:27', '2018-09-12 23:46:27'),
(37, 22, 'Fannie Rolfson', 'Dolore blanditiis dolorum est beatae nemo odit culpa. Commodi exercitationem a quas quia. Aut amet voluptates magnam minima et quis et quibusdam. Molestias iusto nihil ut atque.', 4, '2018-09-12 23:46:27', '2018-09-12 23:46:27'),
(38, 20, 'Darron Pfeffer', 'Accusantium vero quasi distinctio fugiat. Unde voluptatum earum eius amet. Nobis illo aut nesciunt veritatis incidunt exercitationem. Ut deserunt voluptatum repellendus iure harum et. Voluptates possimus eaque illum incidunt culpa.', 3, '2018-09-12 23:46:27', '2018-09-12 23:46:27'),
(39, 3, 'Dr. Skyla Wiza II', 'Perferendis cumque laboriosam autem voluptate voluptatibus numquam. Totam error quos qui doloremque magnam. Quia ipsum dignissimos quisquam qui autem sit.', 5, '2018-09-12 23:46:27', '2018-09-12 23:46:27'),
(40, 27, 'Noemi Konopelski', 'Ab debitis perferendis dolore eum omnis. Ullam libero excepturi quia facere est a. Alias sapiente corporis magnam praesentium amet. Id tenetur qui ipsum ut consequatur. Repudiandae a et laudantium quos.', 5, '2018-09-12 23:46:27', '2018-09-12 23:46:27'),
(41, 26, 'Elisabeth Graham DVM', 'Ex hic qui ipsa vel veritatis ratione deserunt sint. Soluta quidem ipsa repellendus veniam accusantium ut incidunt. Ex expedita odit quia voluptatem sed omnis. Odit rerum voluptas beatae vel labore nihil.', 4, '2018-09-12 23:46:27', '2018-09-12 23:46:27'),
(42, 39, 'Sheila Mayert', 'Enim accusantium quia consequatur aspernatur vitae. Quia in molestiae consequatur tenetur. Incidunt repudiandae minima enim ab et officiis. Omnis quae omnis asperiores sint repudiandae ea assumenda.', 4, '2018-09-12 23:46:27', '2018-09-12 23:46:27'),
(43, 35, 'Effie Block', 'Ut voluptatibus rerum a quasi. Dolorum aut aliquid minus in nihil natus voluptatem. Et eum optio repellat aut. Saepe ad dicta dolorem alias. Dolor accusantium ut eos consequatur.', 4, '2018-09-12 23:46:27', '2018-09-12 23:46:27'),
(44, 6, 'Cristopher Morissette', 'Sed tempore et ducimus dolor reprehenderit rerum. Dolore accusamus porro veritatis. Ea quia et voluptatibus dolores. In explicabo qui aspernatur sit non dolore eum itaque.', 5, '2018-09-12 23:46:27', '2018-09-12 23:46:27'),
(45, 41, 'Dave Lowe', 'Nostrum ullam et deleniti nisi. Cum saepe voluptatibus fuga voluptate. Reiciendis quos hic dolor illo repudiandae. Rerum illum a delectus iure.', 2, '2018-09-12 23:46:27', '2018-09-12 23:46:27'),
(46, 21, 'Mr. Lance Bosco Sr.', 'Laborum quia et quo earum pariatur saepe eligendi. Et eaque non soluta dolorum modi ut voluptas. Tenetur voluptatem et qui. Perferendis quae accusamus et.', 3, '2018-09-12 23:46:27', '2018-09-12 23:46:27'),
(47, 40, 'Dr. Deshaun Runolfsson MD', 'Laborum deleniti culpa dolore ut veritatis aspernatur. Quisquam reiciendis doloremque eum qui. Et nihil voluptas quaerat sit cupiditate autem.', 2, '2018-09-12 23:46:27', '2018-09-12 23:46:27'),
(48, 10, 'Rahul Hill', 'Qui corporis iusto temporibus iste. Quo quidem dolorem nesciunt et eius accusamus. Voluptas sunt quia culpa rem perferendis.', 1, '2018-09-12 23:46:27', '2018-09-12 23:46:27'),
(49, 39, 'Madilyn Strosin', 'Unde voluptatem illum aliquid minima enim fugiat. Amet sint ut voluptatem voluptatum velit. Itaque corporis tenetur mollitia voluptates. Ut saepe et molestias ipsam incidunt ea in.', 2, '2018-09-12 23:46:27', '2018-09-12 23:46:27'),
(50, 20, 'Mr. Javonte Heller DDS', 'Dolore consequatur et eum molestiae omnis qui. Omnis unde hic fugit praesentium tempore doloremque. A aut non sit unde laudantium. Placeat perspiciatis doloribus odit reprehenderit.', 2, '2018-09-12 23:46:27', '2018-09-12 23:46:27'),
(51, 35, 'Mrs. Carmella Cormier PhD', 'Odit nihil iusto neque eum aut dolor. Debitis non aspernatur voluptas. Dolorem vero voluptate expedita quia inventore dicta.', 2, '2018-09-12 23:46:27', '2018-09-12 23:46:27'),
(52, 12, 'Hector Hayes Jr.', 'Ea tempora doloremque quibusdam aut laudantium fugit. Vel molestias a libero. Sunt minus et aut amet dolore cum quia. Quis sit sint fuga neque cumque.', 3, '2018-09-12 23:46:27', '2018-09-12 23:46:27'),
(53, 42, 'Zachery Aufderhar', 'Aperiam eligendi ratione aliquam. Hic dolor pariatur iste rerum qui ex. Officiis reiciendis aut magnam quae.', 4, '2018-09-12 23:46:27', '2018-09-12 23:46:27'),
(54, 33, 'Marion Marvin', 'Soluta necessitatibus doloremque ducimus ratione. Eveniet ut enim a cupiditate. Exercitationem dolores possimus eum rerum quo dolorem.', 0, '2018-09-12 23:46:27', '2018-09-12 23:46:27'),
(55, 25, 'Maximilian Deckow', 'Id culpa sapiente quos omnis nihil. Quas autem neque rerum numquam impedit aut iste.', 1, '2018-09-12 23:46:27', '2018-09-12 23:46:27'),
(56, 13, 'Freeman Hills', 'Nesciunt autem est officia quam facilis est consequatur. Facilis consequatur rerum odio non. Ad repudiandae vitae tempora.', 4, '2018-09-12 23:46:27', '2018-09-12 23:46:27'),
(57, 44, 'Dr. Victor Goodwin', 'Autem rerum dolore necessitatibus voluptas facere quasi excepturi quo. Dolor incidunt est culpa quae architecto vel quidem. Quis odio et accusantium eum iure architecto. Culpa delectus excepturi placeat porro et sit voluptas commodi.', 0, '2018-09-12 23:46:27', '2018-09-12 23:46:27'),
(58, 27, 'Aiyana Doyle DVM', 'Tempore ducimus ut cumque est dolorem quasi et qui. Nihil doloribus in quidem et earum illo. Sit maiores hic animi placeat corrupti.', 4, '2018-09-12 23:46:27', '2018-09-12 23:46:27'),
(59, 9, 'Regan Boehm IV', 'Quos dolore autem aliquam rem occaecati et ullam. Velit enim ad accusamus possimus eum. Alias omnis voluptatem aut cum est. Deleniti tenetur rerum veritatis sit sit. Unde eius sed aut sint.', 0, '2018-09-12 23:46:27', '2018-09-12 23:46:27'),
(60, 36, 'Shaun Lubowitz', 'Eaque incidunt ipsa tenetur beatae a. Rem recusandae maxime non totam. Qui consequatur veniam tempora repellendus et. Doloremque aut odit esse ut et sunt.', 5, '2018-09-12 23:46:28', '2018-09-12 23:46:28'),
(61, 31, 'Carol Abbott', 'Accusamus quas minus voluptatem totam veritatis rerum velit. Ut ut qui consequatur id magnam quisquam. Molestiae unde voluptates quos quis.', 4, '2018-09-12 23:46:28', '2018-09-12 23:46:28'),
(62, 15, 'Esperanza Harris', 'Iste cumque sed facere inventore non ad a. Quo totam dolorum eum culpa a. Neque earum corrupti voluptatem ullam ullam vitae. Qui magnam nihil tempore veniam aliquam perferendis voluptatibus.', 3, '2018-09-12 23:46:28', '2018-09-12 23:46:28'),
(63, 34, 'Prof. Stacy Marquardt MD', 'Ullam error iure sit sed ex ut. Consequuntur explicabo delectus nemo fugiat voluptate.', 5, '2018-09-12 23:46:28', '2018-09-12 23:46:28'),
(64, 24, 'Halie Osinski IV', 'Eum qui et ullam non qui. Et ullam vero labore consectetur omnis molestiae. Voluptatem voluptatem ex neque fuga sint.', 0, '2018-09-12 23:46:28', '2018-09-12 23:46:28'),
(65, 15, 'Prof. Liliana Padberg Jr.', 'Facilis incidunt et optio alias tempore culpa ab. Nesciunt omnis excepturi in quos cumque voluptatem. Maiores similique non provident.', 5, '2018-09-12 23:46:28', '2018-09-12 23:46:28'),
(66, 49, 'Anna Klein', 'Placeat aliquam nam asperiores aperiam. Tempore optio eligendi animi nihil quae maiores cum. In magnam accusamus quisquam.', 0, '2018-09-12 23:46:28', '2018-09-12 23:46:28'),
(67, 23, 'Clemens Schulist', 'Omnis doloremque maiores asperiores. Quo nihil et veritatis accusantium id tempora. Consequatur ducimus sed odio placeat qui. Eveniet dolorem excepturi fugiat voluptatem distinctio ea in.', 2, '2018-09-12 23:46:28', '2018-09-12 23:46:28'),
(68, 10, 'Gonzalo Reynolds', 'Dicta commodi et voluptatibus totam. Reprehenderit nemo quis distinctio qui est ut. Et itaque sed voluptas omnis voluptatem ipsum ut. Eligendi explicabo magni ab.', 5, '2018-09-12 23:46:28', '2018-09-12 23:46:28'),
(69, 1, 'Veronica Mosciski', 'Labore libero nihil dolor qui exercitationem ea perferendis. Rerum quo et unde est magni a praesentium. In ullam repellendus odio dicta ut aspernatur. Voluptas et et soluta qui. A eius iste totam et enim nisi.', 5, '2018-09-12 23:46:28', '2018-09-12 23:46:28'),
(70, 38, 'Mr. Austin O\'Connell', 'Nulla nobis quae non quasi. Vitae eligendi aut numquam optio. Sed ut ut rerum modi itaque amet quam. Omnis sed voluptatem officia aliquid adipisci.', 4, '2018-09-12 23:46:28', '2018-09-12 23:46:28'),
(71, 3, 'Chadrick Howe', 'Ad rem debitis pariatur autem dicta voluptatem alias rerum. Unde tenetur officia delectus earum ipsa aliquam vero hic. Facere temporibus molestiae debitis eos quia. Maxime quaerat perferendis maxime et iste.', 0, '2018-09-12 23:46:28', '2018-09-12 23:46:28'),
(72, 36, 'Karlee Terry', 'Omnis eos optio repellendus mollitia. Voluptatum natus aut consequatur fuga distinctio. Vitae dolor impedit non rerum corporis aut non. Assumenda repellendus omnis aut qui eum et consequatur ab. Sint ducimus ipsa consequuntur omnis consequatur minima.', 4, '2018-09-12 23:46:28', '2018-09-12 23:46:28'),
(73, 48, 'Antonia Kreiger', 'Suscipit voluptas maiores quisquam qui. Et qui neque provident culpa possimus totam repellat. Dolorem ut distinctio eum voluptate ut explicabo et. At neque libero nihil.', 3, '2018-09-12 23:46:28', '2018-09-12 23:46:28'),
(74, 12, 'Mafalda Monahan', 'Accusamus dicta quis quia. Magni eligendi fugit perferendis dolorum. Et dolorem corporis quaerat et. Sit error iste esse et provident ullam quam.', 3, '2018-09-12 23:46:28', '2018-09-12 23:46:28'),
(75, 13, 'Prof. Alvina Haag DDS', 'Voluptatum doloremque et sunt distinctio est blanditiis dolorem. Cupiditate et qui architecto ad.', 5, '2018-09-12 23:46:28', '2018-09-12 23:46:28'),
(76, 4, 'Arden Padberg', 'Officia explicabo neque id et reprehenderit quisquam sed quibusdam. Expedita sed unde sapiente molestiae repellendus et expedita doloribus. Non molestiae mollitia rem minus voluptas. Enim nam quo eaque dolores. Consectetur minus cumque distinctio tempora eum explicabo sit.', 4, '2018-09-12 23:46:28', '2018-09-12 23:46:28'),
(77, 28, 'Adan Bednar Jr.', 'Ab aspernatur similique sint voluptatem voluptatem vitae. Rerum omnis autem ut deleniti. Magni numquam ut qui quibusdam neque non aut. Omnis distinctio eligendi quae excepturi aut. Reiciendis maiores error aut accusamus ut non.', 2, '2018-09-12 23:46:28', '2018-09-12 23:46:28'),
(78, 48, 'Mariam Goodwin', 'Iusto error sit enim eum. Repudiandae repellendus soluta doloremque rerum. Sint animi vitae aut voluptas dolor eos. Nihil nesciunt ut non exercitationem nulla tempora fugit.', 4, '2018-09-12 23:46:28', '2018-09-12 23:46:28'),
(79, 7, 'Loren Fisher', 'Tempora ea officia fuga. Molestiae illo nam quos sequi dignissimos. Et vel impedit omnis eum. Consequatur a eaque ducimus laboriosam repudiandae.', 0, '2018-09-12 23:46:28', '2018-09-12 23:46:28'),
(80, 42, 'Georgianna Schowalter', 'In architecto voluptatem quam officiis. Dolore magnam molestiae praesentium facere et sit. Rerum labore labore velit quae neque impedit dolores.', 3, '2018-09-12 23:46:28', '2018-09-12 23:46:28'),
(81, 46, 'Bianka Hill', 'Dolores labore non fugiat excepturi perferendis. Tempore praesentium id ratione repellat asperiores voluptatibus quam. Est voluptas dolore autem quis est earum. Facilis dolorem sed et neque consequatur repudiandae.', 1, '2018-09-12 23:46:28', '2018-09-12 23:46:28'),
(82, 33, 'Else Rogahn', 'Provident animi quas totam vel rerum itaque vitae. Quia inventore est magnam ea quis quisquam omnis. Aut ducimus quia dolor quo eos ea mollitia. Aliquid labore eligendi possimus quae ad omnis.', 3, '2018-09-12 23:46:28', '2018-09-12 23:46:28'),
(83, 50, 'Cordia Schroeder MD', 'Voluptatem ipsum neque quasi occaecati. Odit voluptatem eligendi aut dolorem ipsum. Possimus distinctio id laboriosam natus facilis recusandae corrupti. Vel debitis fugiat consequuntur perferendis magnam itaque in. Est rerum et blanditiis dolor a.', 0, '2018-09-12 23:46:28', '2018-09-12 23:46:28'),
(84, 29, 'Trent Vandervort', 'Aliquam cumque tempore at odit reprehenderit. Non aut dolor et. Qui omnis odio sapiente voluptatem. Assumenda dolores est minima eius.', 5, '2018-09-12 23:46:28', '2018-09-12 23:46:28'),
(85, 14, 'Dr. Ayana Block DDS', 'Sit et odit magni corrupti quasi ullam dolor. Recusandae et dolore incidunt corporis facilis. Vitae laudantium officia enim inventore. Saepe sequi culpa minima a itaque nesciunt.', 4, '2018-09-12 23:46:28', '2018-09-12 23:46:28'),
(86, 43, 'Guy White', 'Expedita iste sapiente magni voluptates tenetur. A fuga in quo ea ut. Occaecati deleniti reiciendis exercitationem sed aliquam. Non at ex sed illum sunt unde dolorem.', 3, '2018-09-12 23:46:28', '2018-09-12 23:46:28'),
(87, 27, 'Dr. Uriah Medhurst', 'Alias odio nostrum voluptatem quis. Dolorem magnam qui perferendis rerum ut aut. Doloribus minima laudantium molestias fuga consequuntur at. Qui cum sunt aut voluptatem necessitatibus non non.', 4, '2018-09-12 23:46:28', '2018-09-12 23:46:28'),
(88, 11, 'Ms. Dulce Labadie', 'Placeat voluptatem et repellendus et. Incidunt eos voluptatem sit molestias fugit. Hic facere qui earum esse qui adipisci. Qui asperiores sit ut minus distinctio.', 1, '2018-09-12 23:46:28', '2018-09-12 23:46:28'),
(89, 13, 'Sarah Quitzon', 'Autem accusantium perferendis ipsa distinctio. Quaerat sed temporibus sint dolores quisquam. Consequatur sit qui nemo esse architecto fugiat sed.', 3, '2018-09-12 23:46:28', '2018-09-12 23:46:28'),
(90, 23, 'Mrs. Cassie Wisoky', 'Architecto nihil eos aperiam nulla. Reiciendis porro quas sit commodi. Quis modi itaque sed non maxime enim et.', 5, '2018-09-12 23:46:29', '2018-09-12 23:46:29'),
(91, 35, 'Shayne Hirthe Jr.', 'Aut ut voluptate occaecati est voluptate sed. Quo asperiores tempora nihil sunt. Animi eum et recusandae.', 0, '2018-09-12 23:46:29', '2018-09-12 23:46:29'),
(92, 24, 'Emile Abernathy', 'Ducimus nemo natus sint et porro adipisci. Laboriosam sed aperiam quas et.', 4, '2018-09-12 23:46:29', '2018-09-12 23:46:29'),
(93, 6, 'Ida Robel', 'Ipsam beatae aspernatur voluptatem pariatur non. Est eos non rerum ad. Porro illo omnis quis iusto minima. Quisquam et rem laboriosam dolores.', 2, '2018-09-12 23:46:29', '2018-09-12 23:46:29'),
(94, 46, 'Prof. Rickey Kshlerin', 'Placeat asperiores et quis quis at ipsam temporibus qui. Voluptatum asperiores est velit iure dicta delectus. Ut omnis atque molestiae.', 5, '2018-09-12 23:46:29', '2018-09-12 23:46:29'),
(95, 44, 'Graciela Parker', 'Eaque voluptatem dolor cumque necessitatibus veritatis sit ratione ea. Eum magnam dolorum vero quam corporis quis quae. Fugiat qui est corrupti dolor deleniti eum. Unde voluptatum eos est ipsa. Quo suscipit provident quas velit rerum sit.', 4, '2018-09-12 23:46:29', '2018-09-12 23:46:29'),
(96, 45, 'Prof. Meta West PhD', 'Iure illo dolores cum est. Quo blanditiis qui illum nam quia hic reprehenderit harum. Sed necessitatibus laborum vitae culpa nisi et maiores. Nisi asperiores vel nisi sunt.', 3, '2018-09-12 23:46:29', '2018-09-12 23:46:29'),
(97, 22, 'Dr. Shemar Larkin I', 'Doloribus quidem voluptate minus voluptatibus beatae id illo. Ullam iure et saepe qui aut pariatur dolores. Quo quis deleniti voluptatem repudiandae repellendus. Eum minus modi voluptate aspernatur aliquid facilis aliquid.', 2, '2018-09-12 23:46:29', '2018-09-12 23:46:29'),
(98, 10, 'Prof. Delbert Hickle', 'Eius consequatur minus sit minus exercitationem in. Beatae aut delectus hic dolor et. Voluptas impedit et rerum.', 3, '2018-09-12 23:46:29', '2018-09-12 23:46:29'),
(99, 29, 'D\'angelo Prosacco', 'Non ut dolore enim rerum. Ratione aliquam blanditiis omnis eos quasi est eos. Dolor et ut et.', 0, '2018-09-12 23:46:29', '2018-09-12 23:46:29'),
(100, 25, 'Ole Schmeler V', 'Similique eos temporibus at voluptas asperiores commodi aut. Nemo quos nostrum nobis ea eum dolorem fugit. Omnis omnis dignissimos impedit et. Sit odit incidunt omnis rerum dolorem perspiciatis.', 4, '2018-09-12 23:46:29', '2018-09-12 23:46:29'),
(101, 34, 'Rashad Smith', 'Minus vitae ut qui quibusdam. Qui qui aliquid ea ea voluptatem error autem sunt. Odit consectetur voluptates et optio veniam laudantium.', 4, '2018-09-12 23:46:29', '2018-09-12 23:46:29'),
(102, 44, 'Sterling Dare', 'Error quam doloribus ut doloremque a ullam exercitationem dolorum. Atque non vel quia asperiores esse veritatis nostrum. Asperiores facilis repudiandae et hic et. Delectus laudantium alias sint nemo minus quasi.', 1, '2018-09-12 23:46:29', '2018-09-12 23:46:29'),
(103, 10, 'Olin Stoltenberg', 'Tempora minima assumenda dicta tenetur nesciunt voluptatibus. Temporibus et numquam cumque dolores facere. Debitis quibusdam omnis qui sequi in et nemo. Soluta asperiores iste et ut ullam.', 4, '2018-09-12 23:46:29', '2018-09-12 23:46:29'),
(104, 9, 'Fermin Adams', 'Repellendus non dolor autem assumenda placeat sequi vel dolorem. Unde explicabo sit soluta enim dolorum architecto. Id nulla accusantium eos aut voluptas.', 1, '2018-09-12 23:46:29', '2018-09-12 23:46:29'),
(105, 6, 'Prof. Darrin Baumbach', 'Sunt quod totam repudiandae iusto debitis numquam. Ut sed dolorem ut consequuntur repellat nihil et. Qui et vel quos cum enim quod. Voluptate ut et dolorem.', 0, '2018-09-12 23:46:29', '2018-09-12 23:46:29'),
(106, 22, 'Jeanie Bednar', 'Tenetur neque facilis vel rerum molestiae ut quo iusto. Sint ut voluptates libero quo. Est distinctio non quas quibusdam et. Dolor voluptates id accusamus sed quaerat iusto quis.', 3, '2018-09-12 23:46:29', '2018-09-12 23:46:29'),
(107, 12, 'Bonita Beer', 'Fugit at accusamus voluptatem voluptatem. Quod odit est aut exercitationem aut. Quibusdam a tenetur aliquid quis. Qui voluptatem recusandae fuga eaque.', 2, '2018-09-12 23:46:29', '2018-09-12 23:46:29'),
(108, 2, 'Nicolette Hermiston MD', 'Ex nesciunt quia sapiente adipisci ullam temporibus aut. In et earum ea magnam eius impedit sequi. Repellat enim omnis odio sunt molestiae corrupti. Veniam distinctio vero et sit enim aspernatur enim.', 0, '2018-09-12 23:46:29', '2018-09-12 23:46:29'),
(109, 13, 'Laura Kertzmann', 'Ab adipisci ex facere. Libero vel non autem sunt. Ex in quae dolores assumenda itaque illum vel.', 2, '2018-09-12 23:46:29', '2018-09-12 23:46:29'),
(110, 26, 'Hester Schmidt DDS', 'In sequi ab quibusdam dolorem. Eius quo ad illo deleniti asperiores. Consequuntur incidunt nobis odio laboriosam. Quasi eum eos in mollitia consequatur ipsam.', 5, '2018-09-12 23:46:29', '2018-09-12 23:46:29'),
(111, 8, 'Floy Hessel', 'Nulla ut iste aut vel minima doloremque. Qui quaerat saepe eum qui ut debitis. Odio nobis omnis animi occaecati pariatur est.', 1, '2018-09-12 23:46:29', '2018-09-12 23:46:29'),
(112, 2, 'Macy Pagac', 'Id optio qui et ut vel recusandae labore. Ratione facilis et labore quidem earum. Molestiae unde sed commodi alias magni suscipit dolores.', 2, '2018-09-12 23:46:29', '2018-09-12 23:46:29'),
(113, 10, 'Oren Gerlach', 'Harum esse hic sint veritatis labore. Unde possimus occaecati rerum aut neque. Et omnis vel suscipit qui. Qui quis perspiciatis tempora accusamus nihil nihil.', 0, '2018-09-12 23:46:29', '2018-09-12 23:46:29'),
(114, 27, 'Reagan Schneider', 'Dolorum libero consequuntur velit iste temporibus. Est et inventore nihil cumque voluptas voluptas iste vitae. Ea esse ab beatae eaque modi consequuntur iste aut. Amet ut sint quidem incidunt quae repudiandae reprehenderit.', 1, '2018-09-12 23:46:29', '2018-09-12 23:46:29'),
(115, 24, 'Mr. Kory Nicolas III', 'Suscipit qui aut sequi. Sed nihil beatae animi modi quia.', 0, '2018-09-12 23:46:29', '2018-09-12 23:46:29'),
(116, 19, 'Brandt Wiegand II', 'Labore occaecati nesciunt rem eum optio provident. Qui veritatis officiis consectetur sint possimus. Laudantium labore voluptatem quia provident dolorem odio quia. Minima laborum et omnis molestiae quo unde.', 2, '2018-09-12 23:46:29', '2018-09-12 23:46:29'),
(117, 28, 'Mr. Waino Kohler', 'Non maxime fugiat autem facere et. Consequatur recusandae ut vitae et. Culpa quasi voluptatem veritatis voluptatem. Blanditiis facilis consequatur et porro ullam officiis necessitatibus.', 1, '2018-09-12 23:46:29', '2018-09-12 23:46:29'),
(118, 16, 'Elsa Mante', 'Laborum consectetur eaque atque velit molestiae tenetur. Aliquam at magnam quia ut. Dolores dolores vel molestiae aut quos.', 5, '2018-09-12 23:46:29', '2018-09-12 23:46:29'),
(119, 25, 'Frederique Gleason', 'Adipisci reiciendis itaque quidem sint quasi consequatur. Voluptatem cum voluptas pariatur sequi quia itaque.', 4, '2018-09-12 23:46:29', '2018-09-12 23:46:29'),
(120, 46, 'Dr. Ignacio Douglas', 'Ut et occaecati aperiam quia expedita. Enim esse autem fuga voluptates eaque voluptatem nisi. Eveniet perspiciatis sunt odio a.', 0, '2018-09-12 23:46:30', '2018-09-12 23:46:30'),
(121, 6, 'Roslyn Wuckert', 'Enim consequatur ea blanditiis qui voluptate et blanditiis. Quo et at quo molestiae mollitia esse sint eos. Officiis possimus voluptates aspernatur dicta.', 3, '2018-09-12 23:46:30', '2018-09-12 23:46:30'),
(122, 3, 'Darian Lind', 'Reprehenderit dolor ea iste at deleniti numquam et. Ut magni quidem rem eligendi. Inventore qui libero provident et odit omnis. Deleniti est voluptatibus sequi officia iste.', 1, '2018-09-12 23:46:30', '2018-09-12 23:46:30'),
(123, 5, 'Prof. Wendy Mills', 'Eos quisquam temporibus et hic voluptatem nobis. Rem voluptatem unde eligendi iusto est enim. Dolorem ut ut enim officia aut eum. Aut non nobis in tenetur ea labore. Enim tempore recusandae et rem aut omnis qui modi.', 4, '2018-09-12 23:46:30', '2018-09-12 23:46:30'),
(124, 6, 'Mathias Predovic', 'Iure quo nesciunt saepe doloribus. Animi excepturi est officia pariatur. Consequuntur labore omnis impedit blanditiis. Perferendis omnis nesciunt et commodi officiis rerum.', 4, '2018-09-12 23:46:30', '2018-09-12 23:46:30'),
(125, 42, 'Walter Kunde', 'Voluptatem non nisi ut voluptatem. Qui vel asperiores est.', 1, '2018-09-12 23:46:30', '2018-09-12 23:46:30'),
(126, 11, 'Katelyn Spencer', 'Sint corporis voluptatem qui ut eos nam. Quo quod non ab eum quisquam.', 2, '2018-09-12 23:46:30', '2018-09-12 23:46:30'),
(127, 37, 'Sydni Doyle', 'Omnis ex est et adipisci quae voluptatibus quasi. Dignissimos magni aspernatur perferendis deleniti omnis rem. Delectus occaecati necessitatibus ut quod pariatur.', 1, '2018-09-12 23:46:30', '2018-09-12 23:46:30'),
(128, 49, 'Camylle Kuhic', 'Quos eius aspernatur et placeat ipsum eos possimus. Voluptatum id omnis quod deleniti corporis ratione. Voluptates dolorum alias quam ipsam quia et. Soluta et mollitia et facere voluptas et voluptas.', 5, '2018-09-12 23:46:30', '2018-09-12 23:46:30'),
(129, 5, 'Coralie Cummerata', 'Officiis qui et et non similique sit corporis. Aut commodi autem vitae enim quia velit sint. Dolorem similique minus aut deserunt ab asperiores. Voluptatem at ut praesentium.', 4, '2018-09-12 23:46:30', '2018-09-12 23:46:30'),
(130, 40, 'Vidal Reichert', 'Ipsum ullam perferendis corporis voluptatem itaque. Eum nobis ut odit cumque ad voluptas optio est. Sit occaecati optio et totam ut id.', 3, '2018-09-12 23:46:30', '2018-09-12 23:46:30'),
(131, 50, 'Reynold White', 'Incidunt libero excepturi sapiente eligendi quas eveniet voluptatem. Sequi eaque at rerum ut. Fugit exercitationem ea est quasi illum sequi sequi explicabo.', 5, '2018-09-12 23:46:30', '2018-09-12 23:46:30'),
(132, 40, 'Miss Polly Rutherford', 'Porro temporibus quo modi qui magni. Qui voluptatem animi repellendus et odit omnis est. Occaecati non quod ullam enim.', 2, '2018-09-12 23:46:30', '2018-09-12 23:46:30'),
(133, 4, 'Camryn Powlowski', 'Provident rem natus deserunt nobis voluptatem quo minus sunt. Quae ex possimus in. Ut ratione sapiente eos quisquam. Voluptate officia consequuntur aut est laudantium.', 5, '2018-09-12 23:46:30', '2018-09-12 23:46:30'),
(134, 27, 'Elvie Legros', 'Eveniet unde velit similique ipsam culpa consectetur tenetur. Aut et et nulla sed voluptas autem sint. Asperiores temporibus id molestiae dolorem ipsum. Temporibus cum ipsum itaque est dolor.', 1, '2018-09-12 23:46:30', '2018-09-12 23:46:30'),
(135, 36, 'Mr. Darien Labadie PhD', 'Sunt dolor unde consequuntur hic autem molestiae. Sint sunt et commodi voluptates. Voluptas ut ut deleniti placeat enim voluptates.', 0, '2018-09-12 23:46:30', '2018-09-12 23:46:30'),
(136, 37, 'Mallory Collier MD', 'Non at et dolores dolores. Voluptatem fugit sit et. Nam unde voluptates reprehenderit quod et.', 1, '2018-09-12 23:46:30', '2018-09-12 23:46:30'),
(137, 3, 'Dr. Bertha Gislason', 'Natus quas dolor quod. Laudantium odit eos blanditiis quia aut voluptatem odio neque. Consequatur iure ullam eveniet voluptate ut. Dolorem aut autem et animi voluptas. Ullam alias vitae deleniti amet ab non.', 1, '2018-09-12 23:46:30', '2018-09-12 23:46:30'),
(138, 13, 'Timmothy Berge', 'Occaecati id laborum rem voluptas error expedita sunt debitis. Ducimus ducimus culpa sit. Soluta voluptatem quia et consequatur.', 4, '2018-09-12 23:46:30', '2018-09-12 23:46:30'),
(139, 12, 'Zoe Prohaska Sr.', 'Aut sed ea aliquid. Sit saepe praesentium voluptatem fuga. Harum facere veritatis quas voluptatem voluptatibus. Est perspiciatis similique et itaque aut voluptas magnam.', 4, '2018-09-12 23:46:30', '2018-09-12 23:46:30'),
(140, 31, 'Elda Miller', 'Ex maiores in perspiciatis consequuntur quod omnis quod. Dicta dolore enim placeat fugit maxime id. Porro officiis ut porro est dicta ut. Quasi aut odit quisquam vitae quo perspiciatis nihil.', 3, '2018-09-12 23:46:30', '2018-09-12 23:46:30'),
(141, 47, 'Lucy Douglas', 'Atque et rerum cupiditate enim commodi sed. Praesentium nihil esse quia magnam illo reiciendis. Sint voluptas molestias ut maxime aut nostrum sint facilis.', 1, '2018-09-12 23:46:30', '2018-09-12 23:46:30'),
(142, 16, 'Mr. Santos Collier Sr.', 'Dolores reprehenderit dolorum voluptate odit qui ipsum. Eius pariatur quaerat maxime sit eos quasi.', 2, '2018-09-12 23:46:30', '2018-09-12 23:46:30'),
(143, 19, 'Marie Stroman', 'Laudantium suscipit ipsam accusamus dolor quam impedit expedita. Eum voluptatem qui laborum repellat minima. Amet repellat dolor voluptatem sit corporis optio.', 5, '2018-09-12 23:46:30', '2018-09-12 23:46:30'),
(144, 48, 'Eldridge Braun', 'Voluptate dignissimos debitis ad eveniet incidunt et. Corrupti est alias magnam asperiores sit distinctio inventore. Eum ipsam voluptates velit officiis perspiciatis placeat nostrum.', 5, '2018-09-12 23:46:30', '2018-09-12 23:46:30'),
(145, 35, 'Elsa White', 'Nulla est sed vero earum. Vitae ut aut eveniet et consequatur dolorem beatae.', 3, '2018-09-12 23:46:30', '2018-09-12 23:46:30'),
(146, 13, 'Marilou Murray DDS', 'Voluptatum tempore similique velit dignissimos ipsum. Veniam aut sunt eaque quia provident voluptatem necessitatibus. Porro deleniti sint assumenda quidem iste illum voluptates. Et molestias sit consequatur sed in inventore sequi vel.', 2, '2018-09-12 23:46:30', '2018-09-12 23:46:30'),
(147, 39, 'Phoebe Bruen', 'Eius et nostrum exercitationem reprehenderit et ad maiores. Iure libero aspernatur veniam dolores rerum vel molestias. Corporis qui autem porro maxime odit non rem quia.', 3, '2018-09-12 23:46:30', '2018-09-12 23:46:30'),
(148, 25, 'Montana Abernathy', 'Consequatur aut laborum non omnis dicta. Excepturi enim voluptatem quis laborum hic dolor. Reprehenderit facilis velit numquam.', 4, '2018-09-12 23:46:30', '2018-09-12 23:46:30'),
(149, 17, 'Dannie Wintheiser', 'Et earum atque minus iure commodi sunt culpa sed. Ut aut doloremque ut aut sit ratione a sequi. Sit molestias esse enim repudiandae molestiae ut. Officia necessitatibus dolor pariatur quaerat fugiat.', 4, '2018-09-12 23:46:30', '2018-09-12 23:46:30'),
(150, 44, 'Mr. Michael Keebler', 'Ut ipsa provident nisi facilis vitae. Incidunt ab id quas nostrum suscipit at voluptatum. Vitae saepe ab dolores alias voluptate. Aliquid nobis quae quis est aliquam quidem vel.', 1, '2018-09-12 23:46:30', '2018-09-12 23:46:30'),
(151, 24, 'Alaina Feeney', 'Reiciendis quae sit soluta eos itaque aliquid. Dignissimos itaque laudantium minus ut veniam voluptatibus atque. Sapiente consectetur velit soluta vel.', 4, '2018-09-12 23:46:30', '2018-09-12 23:46:30'),
(152, 32, 'Cathrine Carroll', 'Tempora quae voluptas eveniet ratione. Culpa velit ex quisquam rem et rerum ut. Autem veniam unde beatae nostrum. Suscipit aut tempore voluptas omnis odit aut sed.', 4, '2018-09-12 23:46:30', '2018-09-12 23:46:30'),
(153, 25, 'Payton Rolfson', 'Ipsum sed quas impedit sit ratione accusantium nulla. Ea quam dolor vel quibusdam et.', 1, '2018-09-12 23:46:30', '2018-09-12 23:46:30'),
(154, 17, 'Mckenzie Schulist', 'Alias qui quo vel rem qui. Voluptatem dignissimos aut velit dignissimos facere vel non. Assumenda laudantium aut voluptas. Voluptas ea iure delectus iste.', 3, '2018-09-12 23:46:30', '2018-09-12 23:46:30'),
(155, 20, 'Javonte Cremin', 'Nam aut ea voluptate est. Velit doloribus dignissimos minus repellat adipisci et fugiat praesentium. Sunt sed delectus molestiae et alias suscipit blanditiis. Possimus officia omnis officiis quia facilis.', 1, '2018-09-12 23:46:31', '2018-09-12 23:46:31'),
(156, 1, 'Mr. Rashawn Boyle DDS', 'Vel tempore molestiae fuga incidunt minus voluptates. Impedit et harum laborum sed. Ullam magnam est aut in velit. Recusandae doloribus reiciendis rerum omnis nesciunt ut aspernatur.', 1, '2018-09-12 23:46:31', '2018-09-12 23:46:31'),
(157, 13, 'Bradley Koch IV', 'Laboriosam occaecati quas placeat est labore autem provident. Inventore perspiciatis consequatur similique velit rerum voluptates quo. Est magni sequi non voluptatem velit. Eaque assumenda tempora laborum sunt rerum dolorum expedita.', 1, '2018-09-12 23:46:31', '2018-09-12 23:46:31'),
(158, 6, 'Jane McDermott', 'Et et quibusdam et labore voluptas. Nihil unde odio aliquam. Laborum fugit accusantium sint tenetur eos quibusdam non. Esse ex dolores itaque et.', 5, '2018-09-12 23:46:31', '2018-09-12 23:46:31'),
(159, 7, 'Miss Maudie Lehner', 'Tempora assumenda et ut et aut quas optio. Voluptas adipisci error laborum animi et rerum voluptate earum. Consequatur dolores cupiditate non excepturi nobis minima dolores. Tempore maiores nisi temporibus alias quis et.', 2, '2018-09-12 23:46:31', '2018-09-12 23:46:31'),
(160, 12, 'Carol Nader', 'Odio cupiditate et in quia molestiae libero molestiae. Sed sunt iste nobis ut in. Consequatur sed et dolores possimus qui enim.', 3, '2018-09-12 23:46:31', '2018-09-12 23:46:31'),
(161, 35, 'Domenica Krajcik Sr.', 'Voluptas totam quo sint facere ipsum. Maxime sint laudantium repellat vero nemo dicta accusamus hic. Quis aliquam dolor doloribus odio tenetur sapiente.', 5, '2018-09-12 23:46:31', '2018-09-12 23:46:31'),
(162, 25, 'Candace Daniel', 'Voluptatem non cum iusto culpa. Fuga quia praesentium dolorem quis aut.', 5, '2018-09-12 23:46:31', '2018-09-12 23:46:31'),
(163, 32, 'Mr. Rod Wilderman II', 'Qui molestias nemo dolor. Ipsam consequatur sed ut dolores aspernatur odio autem. Est eveniet aut praesentium cumque quia. Rerum et animi nobis recusandae quam omnis.', 0, '2018-09-12 23:46:31', '2018-09-12 23:46:31'),
(164, 2, 'Antonetta Kozey', 'Voluptates architecto doloribus nobis voluptatum est impedit cum. Odit velit amet aut aut numquam eius quam. Laudantium officia aut nam. Vel dolorem ipsum architecto impedit et culpa inventore.', 5, '2018-09-12 23:46:31', '2018-09-12 23:46:31'),
(165, 39, 'Dalton Haag', 'Corporis eaque quia et at. Aperiam fuga quis quia cum molestiae ut. Libero magnam sint reiciendis eius labore.', 2, '2018-09-12 23:46:31', '2018-09-12 23:46:31'),
(166, 15, 'Rowan Nolan', 'Ipsum asperiores eaque nobis eum maxime facere. Unde similique fugit minima reprehenderit quaerat assumenda. Necessitatibus at saepe maxime. Fugiat rerum modi corporis sit non est.', 0, '2018-09-12 23:46:31', '2018-09-12 23:46:31'),
(167, 33, 'Lenore Hamill', 'Nihil cum enim molestiae nostrum. Voluptatem repellendus quidem magni.', 0, '2018-09-12 23:46:31', '2018-09-12 23:46:31'),
(168, 32, 'Johnathan Lockman', 'Tempore ut ea nostrum vel ipsum aut velit saepe. Et ratione doloremque praesentium ullam neque. Suscipit a consequatur ex id.', 4, '2018-09-12 23:46:31', '2018-09-12 23:46:31'),
(169, 47, 'Ubaldo Bosco', 'Facilis non adipisci distinctio architecto et tempore. Nobis ut provident quisquam laboriosam excepturi enim.', 5, '2018-09-12 23:46:31', '2018-09-12 23:46:31'),
(170, 18, 'Shanel DuBuque Jr.', 'Occaecati deleniti et distinctio modi minus. Nihil laudantium tempora nemo adipisci dolor non quod. Similique explicabo sequi voluptatem ex quidem quas molestias. A qui inventore porro et quae.', 3, '2018-09-12 23:46:31', '2018-09-12 23:46:31'),
(171, 37, 'Cortez Wilkinson', 'Eius tempora placeat ut vero. Porro maxime ea sunt et voluptatem totam atque. Repellat voluptas minus qui eveniet.', 5, '2018-09-12 23:46:31', '2018-09-12 23:46:31'),
(172, 35, 'Hazel Hyatt PhD', 'Voluptatum itaque error officia non provident quia voluptas. Ut perferendis deserunt harum. Quasi non et delectus maxime quia ipsa. Quis facere ad occaecati ea soluta quia aut.', 5, '2018-09-12 23:46:31', '2018-09-12 23:46:31'),
(173, 1, 'Broderick Shanahan', 'Fugiat delectus voluptatem non quo omnis suscipit suscipit. Labore aut consequatur enim. Quam magnam totam sunt nihil in consequatur. Dolor velit perspiciatis vel voluptatem non.', 1, '2018-09-12 23:46:31', '2018-09-12 23:46:31'),
(174, 27, 'Brenden Stamm', 'Et et quasi dolores occaecati quo. Provident quia a sint cumque eos. Expedita odio illo laudantium earum sequi omnis. Doloremque ratione itaque incidunt saepe. Quibusdam placeat provident consequatur vitae atque quos ipsam veniam.', 5, '2018-09-12 23:46:31', '2018-09-12 23:46:31'),
(175, 10, 'Prof. Lewis Bosco Sr.', 'Error possimus quisquam error nostrum et. Nostrum excepturi aut maxime omnis quasi cum velit. Sapiente impedit atque nulla sit.', 4, '2018-09-12 23:46:31', '2018-09-12 23:46:31'),
(176, 27, 'Marisa Weimann', 'A nesciunt officia aut perspiciatis. Minus voluptatem fuga exercitationem optio magni numquam. Possimus placeat molestiae nesciunt. Ut ab ducimus sint commodi odio eum.', 3, '2018-09-12 23:46:31', '2018-09-12 23:46:31'),
(177, 15, 'Prof. Amelia Legros IV', 'Vero explicabo alias aut. Perspiciatis quam quos hic et eos asperiores eaque. Qui eaque adipisci sed veniam. Nihil dolorem quibusdam est a labore.', 4, '2018-09-12 23:46:31', '2018-09-12 23:46:31'),
(178, 43, 'Leopold Hand II', 'Omnis fugit et repudiandae et ut quae et totam. Accusantium nihil sapiente perspiciatis rem. Nostrum totam quia itaque et et deleniti qui.', 4, '2018-09-12 23:46:31', '2018-09-12 23:46:31'),
(179, 4, 'Ocie Harber I', 'Ratione illum sed ratione nesciunt accusantium libero. Maiores alias at architecto doloremque. Sed tempore in omnis non. Odit non provident asperiores voluptatem ex. Rerum quae praesentium itaque inventore aut voluptatem odit.', 3, '2018-09-12 23:46:31', '2018-09-12 23:46:31'),
(180, 30, 'Fae Schaefer', 'Ut illo asperiores unde cupiditate beatae. Et sed quo qui velit. Animi atque ipsa blanditiis porro quaerat eius. Soluta dolores in magnam est ut aspernatur.', 2, '2018-09-12 23:46:31', '2018-09-12 23:46:31'),
(181, 34, 'Delaney Ritchie DDS', 'Tenetur quo est corporis consequatur officiis dolorem adipisci voluptatem. Delectus quam qui itaque.', 5, '2018-09-12 23:46:31', '2018-09-12 23:46:31'),
(182, 13, 'Faye Cormier PhD', 'Cupiditate recusandae consequuntur voluptatem tempore. Veniam ad et tenetur possimus libero. Unde aliquid autem qui. Ut quo voluptas et reiciendis laborum. Ex est sed dignissimos rerum.', 0, '2018-09-12 23:46:31', '2018-09-12 23:46:31'),
(183, 9, 'Miss Lina Walker', 'Voluptatem incidunt saepe quia ad dolores sit fuga repellendus. Necessitatibus eligendi soluta quia est quasi enim. Repellendus veniam eveniet provident quas.', 0, '2018-09-12 23:46:31', '2018-09-12 23:46:31'),
(184, 48, 'Dr. Kaitlyn Larkin II', 'Incidunt id et dolorem nisi. Ea eligendi facere itaque qui atque. Sint minus vero iste enim tenetur. Commodi quis dolor quam est non.', 3, '2018-09-12 23:46:31', '2018-09-12 23:46:31'),
(185, 26, 'Javonte Stokes', 'Non exercitationem eligendi et accusantium. Cumque omnis distinctio aut voluptates cumque quidem cum. Velit enim doloremque est sunt sit quia.', 5, '2018-09-12 23:46:31', '2018-09-12 23:46:31'),
(186, 12, 'Ms. Gerry Simonis', 'Maxime illum sunt dignissimos rerum architecto labore. Maiores adipisci id libero commodi ex laudantium beatae.', 0, '2018-09-12 23:46:31', '2018-09-12 23:46:31'),
(187, 38, 'Liliana Wisoky', 'Esse inventore qui sit pariatur molestiae rem. Labore et ex dolores harum omnis nesciunt corrupti. Voluptas nesciunt libero eveniet.', 0, '2018-09-12 23:46:31', '2018-09-12 23:46:31'),
(188, 41, 'Kenton Harber', 'Voluptatum quasi error perferendis sed natus similique placeat. Iusto nobis omnis voluptatem voluptates. Est quasi sequi id exercitationem facilis voluptatem quia. Quaerat facilis eligendi maiores commodi nam.', 0, '2018-09-12 23:46:31', '2018-09-12 23:46:31'),
(189, 17, 'Mr. Norwood Koelpin Sr.', 'Et voluptatem et maxime a atque vel. Consequuntur ut ut ut voluptatem dolorum accusantium numquam vero. Placeat consectetur earum eum. Nobis odit animi culpa libero.', 1, '2018-09-12 23:46:31', '2018-09-12 23:46:31'),
(190, 28, 'Brant Gibson', 'Numquam quod corporis provident doloremque. Animi ab vero est minima sed ad. Esse et architecto nihil dicta perferendis et.', 5, '2018-09-12 23:46:31', '2018-09-12 23:46:31'),
(191, 9, 'Pierre Bosco', 'Optio nam repellat quam dolorum. Quibusdam omnis itaque fuga beatae doloribus nobis. Assumenda non vitae qui explicabo vero ducimus minus. Reprehenderit eos veritatis ut. Laudantium fugit ipsa et quia.', 5, '2018-09-12 23:46:31', '2018-09-12 23:46:31'),
(192, 45, 'Prof. Wilfredo Bradtke V', 'Eos consequatur reiciendis temporibus asperiores. Neque saepe cumque aliquid quia eligendi illo recusandae. Consequatur corporis eligendi rem beatae non. Nulla iste nobis tenetur quia rerum id ut.', 4, '2018-09-12 23:46:31', '2018-09-12 23:46:31'),
(193, 49, 'Brian Friesen IV', 'Fuga at excepturi sed. Quia velit molestias magnam aut beatae dolor quod. Eos enim maiores provident ab cumque consequatur aut. Rerum qui qui perspiciatis minus.', 2, '2018-09-12 23:46:31', '2018-09-12 23:46:31'),
(194, 23, 'Prof. Nels Heathcote DVM', 'Molestias dolores omnis quo itaque. Doloribus deserunt eum dolor. Quis consectetur ut voluptatem nulla quis. Iusto molestiae voluptas ea odit et.', 2, '2018-09-12 23:46:31', '2018-09-12 23:46:31'),
(195, 10, 'Laury Quitzon', 'Corrupti doloremque architecto qui voluptatibus nostrum. Voluptatem ipsam aut commodi accusamus qui. Omnis praesentium ut tenetur tempora aut facere reiciendis. Modi maiores nisi perspiciatis cumque quis minus qui harum.', 4, '2018-09-12 23:46:32', '2018-09-12 23:46:32'),
(196, 28, 'Hershel Vandervort', 'Qui et consequatur et aut cupiditate architecto consequuntur. Laborum illo ab sit rerum at nobis. A dicta libero voluptatem hic. Ad est voluptas similique libero exercitationem aperiam enim.', 3, '2018-09-12 23:46:32', '2018-09-12 23:46:32'),
(197, 39, 'Mr. Micah Hermiston V', 'Placeat consequatur consequatur eos quo voluptatibus. Minima adipisci iusto assumenda consectetur et at ut. Non pariatur voluptas minus quae iure occaecati. Est aperiam adipisci dolor nesciunt blanditiis quidem sequi.', 3, '2018-09-12 23:46:32', '2018-09-12 23:46:32'),
(198, 28, 'Dr. Kevon Hudson', 'Mollitia ipsam reprehenderit eveniet cumque veniam similique. Omnis error quo veniam ipsum vel illo. Rerum et explicabo dolorum. Facilis qui cum ipsam amet ut sit.', 2, '2018-09-12 23:46:32', '2018-09-12 23:46:32'),
(199, 1, 'Astrid Hessel', 'Ratione sequi voluptatem et qui consequatur repellat. Consequatur veritatis occaecati excepturi quidem eius temporibus. Sed qui rerum quidem distinctio quia necessitatibus. Rerum rerum rerum nostrum ex.', 3, '2018-09-12 23:46:32', '2018-09-12 23:46:32'),
(200, 48, 'Cristobal Kuphal', 'Cupiditate ut aut similique quasi impedit et corrupti est. Maiores reiciendis distinctio inventore cumque. Vel ab quasi dicta veritatis voluptatem possimus sit.', 0, '2018-09-12 23:46:32', '2018-09-12 23:46:32'),
(201, 38, 'Lynn Wilderman', 'Iure beatae neque qui omnis in. Et nostrum quo quisquam error qui beatae et quisquam. Consectetur a et dolorem aut maxime libero aut. Illum ut fugit dicta quos exercitationem quo voluptatem.', 5, '2018-09-12 23:46:32', '2018-09-12 23:46:32'),
(202, 4, 'Prof. Dolly Carter', 'Neque blanditiis quaerat in nemo perspiciatis. Qui qui molestiae ut magnam veritatis est. Dolore est quis accusantium nam.', 5, '2018-09-12 23:46:32', '2018-09-12 23:46:32'),
(203, 41, 'Johnson White', 'Repellat et voluptatem ducimus ipsum voluptatum explicabo atque. Illum sint sint eos enim dolorem. Saepe id laborum fugit voluptates et. Autem excepturi nostrum labore ea aut dignissimos.', 5, '2018-09-12 23:46:32', '2018-09-12 23:46:32'),
(204, 11, 'Felipa Mayert', 'Consequatur aut tempore ut optio aliquid cumque eos. Ut dolores dolorem voluptatem voluptas id. Quidem hic nulla eaque voluptas.', 5, '2018-09-12 23:46:32', '2018-09-12 23:46:32'),
(205, 4, 'Ms. Emmalee Cummerata', 'Tempore repellat nulla minima optio. Nesciunt atque reiciendis velit qui perspiciatis unde totam. Consequatur atque ea ipsum quod eius saepe dicta.', 5, '2018-09-12 23:46:32', '2018-09-12 23:46:32'),
(206, 36, 'Hettie Bartoletti', 'Dolor earum voluptate tempora voluptatem. Magni in alias voluptatum explicabo et sequi nemo numquam.', 2, '2018-09-12 23:46:32', '2018-09-12 23:46:32'),
(207, 10, 'Jovanny McGlynn II', 'Vitae quos nobis dolorem quia placeat voluptatem. Fugit libero dolores consequatur quia. Enim veniam in temporibus et. Excepturi natus dolorum sit.', 2, '2018-09-12 23:46:32', '2018-09-12 23:46:32'),
(208, 33, 'Alvah Bayer PhD', 'Cumque non sunt repudiandae sit aut est. Quas fugit adipisci voluptas quo possimus in voluptatem. Repellat ullam nesciunt doloribus ut nihil. Ad eligendi corrupti cumque voluptate.', 0, '2018-09-12 23:46:32', '2018-09-12 23:46:32');
INSERT INTO `reviews` (`id`, `product_id`, `customer`, `review`, `star`, `created_at`, `updated_at`) VALUES
(209, 19, 'Mario Wunsch', 'Tempora ab non consectetur consequuntur vel sint qui maxime. Ut quasi non quas. Ullam voluptas praesentium corrupti consequatur repellat nobis. Est praesentium accusantium omnis eius et.', 3, '2018-09-12 23:46:32', '2018-09-12 23:46:32'),
(210, 36, 'Demarcus Stanton', 'Enim et saepe ut consequatur aut et est. Veniam ipsa at autem temporibus. Aut officiis aut vel in.', 5, '2018-09-12 23:46:32', '2018-09-12 23:46:32'),
(211, 4, 'Jakob Gerhold', 'Et laudantium maxime ea doloribus rerum sunt. Maxime rerum corporis perspiciatis harum corporis est eum. Voluptas sed adipisci amet quas laudantium quaerat quis.', 4, '2018-09-12 23:46:32', '2018-09-12 23:46:32'),
(212, 35, 'Shemar Schamberger V', 'Rerum fuga sit sunt qui. Exercitationem quia et molestias. Quo ipsum molestiae placeat doloribus. Non consequatur dicta maiores voluptatibus.', 3, '2018-09-12 23:46:32', '2018-09-12 23:46:32'),
(213, 37, 'Dr. Charley Carroll', 'Voluptas maiores rerum incidunt dignissimos iure cum. Impedit aut nihil rerum et quod adipisci. Laboriosam nihil sequi et est architecto amet qui.', 3, '2018-09-12 23:46:32', '2018-09-12 23:46:32'),
(214, 8, 'Alia Stanton', 'Laudantium et nulla voluptatum nihil voluptatibus illum. Nobis exercitationem voluptates aut deserunt repellat odit et. Quia necessitatibus quisquam explicabo eaque eveniet rerum. Laudantium perferendis eaque earum omnis voluptas non.', 1, '2018-09-12 23:46:32', '2018-09-12 23:46:32'),
(215, 46, 'Mr. Jermey Skiles II', 'Voluptatem voluptas eveniet minus. In ut officia sed ut. Cum sint ipsa praesentium et ipsum qui fugit. Nam sed quis earum aut.', 4, '2018-09-12 23:46:32', '2018-09-12 23:46:32'),
(216, 33, 'Janiya Klocko', 'Sunt tenetur voluptas ut totam ut molestiae illo. Aut ullam ab totam atque. Deleniti consequuntur rem recusandae doloribus sed.', 0, '2018-09-12 23:46:32', '2018-09-12 23:46:32'),
(217, 40, 'Dr. Giuseppe Douglas', 'Inventore quos voluptatem quam aperiam corporis neque. Quo a ex soluta similique non cupiditate atque voluptate. Animi vitae doloribus sed repudiandae. Vitae qui et cum distinctio quisquam dignissimos et nulla.', 4, '2018-09-12 23:46:32', '2018-09-12 23:46:32'),
(218, 25, 'Kari Lesch', 'Est voluptatibus eveniet molestias non ut. Nam rerum et maxime omnis harum distinctio illo. Consequuntur consequatur odit hic distinctio fuga quia repellendus. Facere recusandae sint cum aut quis totam voluptatem.', 4, '2018-09-12 23:46:32', '2018-09-12 23:46:32'),
(219, 44, 'Joy Mohr', 'Perferendis voluptas dolores labore a. Aut distinctio vel facilis est non labore nemo. Earum voluptate est nobis minima distinctio. Commodi labore officia omnis et ut perferendis ut odit.', 4, '2018-09-12 23:46:32', '2018-09-12 23:46:32'),
(220, 47, 'Ms. Alisha Mayert Sr.', 'Dolor quo perferendis omnis voluptas quasi eius. Similique aut explicabo rerum qui similique exercitationem. Incidunt laborum laudantium dolor rerum et ducimus corporis.', 5, '2018-09-12 23:46:32', '2018-09-12 23:46:32'),
(221, 44, 'Jake Kutch', 'Ratione rerum dolores excepturi ut odio quia similique. Est consequatur dicta quasi. Qui nostrum voluptas magnam voluptatum velit est laborum.', 3, '2018-09-12 23:46:32', '2018-09-12 23:46:32'),
(222, 19, 'Prof. Paula Kohler II', 'Debitis quasi eius cum nihil libero voluptas exercitationem aut. Unde quam et ex dicta debitis aut. Vel blanditiis velit omnis suscipit.', 2, '2018-09-12 23:46:32', '2018-09-12 23:46:32'),
(223, 46, 'Celine Gusikowski', 'Non et non quasi dolores est id vero. Beatae minus doloremque repellat quo consectetur quas repellat aut. In natus enim cupiditate nihil perferendis nobis rerum.', 2, '2018-09-12 23:46:32', '2018-09-12 23:46:32'),
(224, 50, 'Prof. Kyler Lehner', 'Est aspernatur beatae optio ut. Sequi eligendi placeat voluptatem sit ea error quos ipsum. Facilis quas assumenda dolor veniam dolores.', 5, '2018-09-12 23:46:32', '2018-09-12 23:46:32'),
(225, 27, 'Ms. Aileen Lynch', 'Dolorem et magni commodi sed dolore similique. Tenetur nihil ad tenetur similique et. Cum ut aut molestias repellendus cumque. Eum omnis ut sit eos vitae consequatur. Provident aut vel minus ducimus.', 4, '2018-09-12 23:46:32', '2018-09-12 23:46:32'),
(226, 17, 'Lorna Murazik', 'Porro rerum molestias ea quia maiores perferendis aut repellat. Sunt earum et aut accusamus occaecati aut. Non rem tempore maiores velit quasi. Voluptas reiciendis nam quis dicta et.', 3, '2018-09-12 23:46:32', '2018-09-12 23:46:32'),
(227, 12, 'Mrs. Tina Simonis MD', 'Commodi ut voluptas natus. Id nulla incidunt enim quis perspiciatis. Et eligendi itaque voluptatem qui est. Totam quibusdam vero omnis.', 2, '2018-09-12 23:46:32', '2018-09-12 23:46:32'),
(228, 8, 'Janick Douglas I', 'Officia officia nam ipsa dolor autem facere voluptatem. Aut qui optio ducimus qui quia. Est numquam adipisci distinctio molestiae cupiditate corporis. Dignissimos consectetur nihil soluta et temporibus.', 1, '2018-09-12 23:46:32', '2018-09-12 23:46:32'),
(229, 46, 'Sydnee Bauch DVM', 'Voluptatem architecto pariatur nulla corrupti. Adipisci odio mollitia qui quidem ducimus aut quibusdam necessitatibus. Aspernatur doloribus qui veniam quos aliquam minus.', 4, '2018-09-12 23:46:33', '2018-09-12 23:46:33'),
(230, 28, 'Maximillian Haley DDS', 'Aut et reprehenderit ab. Soluta in quaerat ut ut. Molestias error fuga minus quia quo magni molestiae nesciunt. Non et dolor omnis.', 3, '2018-09-12 23:46:33', '2018-09-12 23:46:33'),
(231, 35, 'Prof. Cecile Kub Jr.', 'Blanditiis consequatur saepe qui eius et voluptas numquam et. Autem et officiis itaque dicta. Accusamus animi fugiat est maxime voluptas.', 5, '2018-09-12 23:46:33', '2018-09-12 23:46:33'),
(232, 17, 'Eleonore Rogahn PhD', 'Ab pariatur ullam quo fugiat nobis quod. Eveniet possimus repellat dolores dicta. Eligendi quidem eaque consequatur fugit dolorem. Neque eos illo debitis.', 4, '2018-09-12 23:46:33', '2018-09-12 23:46:33'),
(233, 7, 'Name Turner', 'Veritatis consectetur tenetur doloremque eaque sed suscipit vel. Non ut quos quia accusantium dolorum est nulla.', 0, '2018-09-12 23:46:33', '2018-09-12 23:46:33'),
(234, 18, 'Damion Leuschke', 'Saepe adipisci dolores ut qui quo velit inventore. Quis eum omnis quos dignissimos. Esse omnis cupiditate molestiae.', 2, '2018-09-12 23:46:33', '2018-09-12 23:46:33'),
(235, 32, 'Kendrick Kertzmann IV', 'Ipsa non repellendus libero qui qui ipsa ipsum. Id dignissimos neque consequatur eligendi ut nisi suscipit. Error excepturi in officia accusamus. Facilis sit minus voluptates nesciunt.', 1, '2018-09-12 23:46:33', '2018-09-12 23:46:33'),
(236, 20, 'Loyce Gerhold', 'Commodi pariatur earum autem fuga et et quisquam. Nemo voluptatem quaerat rerum consequatur itaque itaque qui. Alias autem excepturi sint voluptas. Sequi ea consequuntur fuga repudiandae dignissimos aperiam debitis.', 1, '2018-09-12 23:46:33', '2018-09-12 23:46:33'),
(237, 7, 'Ms. Drew Schmeler MD', 'Autem modi qui dicta. Qui quisquam nihil et rem in. Debitis dolor illum et illum.', 2, '2018-09-12 23:46:33', '2018-09-12 23:46:33'),
(238, 29, 'Prof. Jovany Morissette', 'Qui vel et modi. Qui animi omnis et ad quam. Et aut molestiae et maxime. Dolor sequi qui libero excepturi eos est.', 5, '2018-09-12 23:46:33', '2018-09-12 23:46:33'),
(239, 8, 'Toby Hirthe', 'Est vel dolorem repudiandae corrupti aspernatur et voluptatem mollitia. Sequi minima iste dolorem nemo quo sed repellat assumenda.', 0, '2018-09-12 23:46:33', '2018-09-12 23:46:33'),
(240, 35, 'Prof. Modesta Greenfelder', 'Et doloribus sunt non expedita ducimus. Ratione sit id odit sed unde quidem ullam. Id ullam adipisci sunt aut velit explicabo.', 3, '2018-09-12 23:46:33', '2018-09-12 23:46:33'),
(241, 43, 'Prof. Jessie Koss', 'Distinctio occaecati et error earum quis. Aut facere aut quaerat fuga. Porro reprehenderit distinctio id rerum et vero similique perspiciatis.', 5, '2018-09-12 23:46:33', '2018-09-12 23:46:33'),
(242, 38, 'Alba Gutkowski', 'Quos ad dolor ut enim voluptatibus quia quia doloremque. Impedit dolores qui qui reprehenderit. Quia cupiditate consectetur consequatur asperiores dolorem rem rerum. Cumque qui placeat ut et qui.', 4, '2018-09-12 23:46:33', '2018-09-12 23:46:33'),
(243, 20, 'Montana Roberts', 'Fuga nesciunt nesciunt iure omnis. Hic iure voluptatem enim commodi pariatur omnis. Doloribus soluta consequatur molestiae corporis itaque est quas. Consequuntur rem dolores suscipit perspiciatis excepturi harum repellendus.', 3, '2018-09-12 23:46:33', '2018-09-12 23:46:33'),
(244, 26, 'Dr. Lizeth Treutel', 'Autem sit et non facere voluptate eligendi. Autem voluptatibus possimus est ea voluptas. Totam aperiam asperiores quis minus facere. Et est quia rerum rem tempore. Consequatur quia expedita sed veritatis hic molestias.', 0, '2018-09-12 23:46:33', '2018-09-12 23:46:33'),
(245, 17, 'Santiago Glover', 'Enim labore minima temporibus voluptas. Qui voluptates dolorum similique eum.', 0, '2018-09-12 23:46:33', '2018-09-12 23:46:33'),
(246, 22, 'Prof. Letitia Hegmann', 'Fugit eum adipisci at. Dolores consectetur ut et distinctio.', 1, '2018-09-12 23:46:33', '2018-09-12 23:46:33'),
(247, 21, 'Myra Satterfield', 'Fuga veritatis eum culpa nobis quia. Sed qui occaecati dolorem at. Ea nesciunt voluptate nulla aliquam sed assumenda quaerat. Autem sit et quia saepe error.', 5, '2018-09-12 23:46:33', '2018-09-12 23:46:33'),
(248, 43, 'Gennaro McKenzie', 'Distinctio nostrum ipsam pariatur beatae. Cupiditate nostrum necessitatibus adipisci. Et vel vitae porro sunt et et molestiae ut.', 4, '2018-09-12 23:46:33', '2018-09-12 23:46:33'),
(249, 12, 'Cristal Dibbert', 'Omnis explicabo praesentium est. Dolor dicta qui earum qui odio. Magnam rem necessitatibus neque ut quae ad placeat. Adipisci et odio voluptate qui rerum.', 1, '2018-09-12 23:46:33', '2018-09-12 23:46:33'),
(250, 42, 'Amparo Schimmel', 'Labore quibusdam nam officiis laudantium atque eligendi. Dolor nobis voluptatem fugit in sint incidunt quo. Et in est et animi.', 2, '2018-09-12 23:46:33', '2018-09-12 23:46:33'),
(251, 37, 'Mr. Geoffrey Heidenreich III', 'Aliquid amet iste accusamus maiores. Deleniti et deserunt amet voluptates similique sit. Voluptas ut nemo est exercitationem voluptas. Est eos voluptatem harum quisquam.', 3, '2018-09-12 23:46:33', '2018-09-12 23:46:33'),
(252, 36, 'Prof. Griffin Klocko V', 'Tempora fugiat quo dolorem et voluptatibus possimus perferendis. Eaque exercitationem et odit est quidem quam. Ut sint et officia iure voluptatibus est.', 5, '2018-09-12 23:46:33', '2018-09-12 23:46:33'),
(253, 3, 'Aditya O\'Conner', 'Qui itaque quasi eos. Ea autem incidunt temporibus aliquid quo voluptas optio. Veniam architecto aut itaque facilis.', 3, '2018-09-12 23:46:33', '2018-09-12 23:46:33'),
(254, 2, 'Mrs. Ebba Hansen DVM', 'Doloremque sunt nobis repellendus est ea omnis voluptatem. Qui rerum quo sunt repellat consequatur. Ut non in qui doloribus. Est illum neque molestias fugiat. Aliquam laborum deserunt repellendus qui quis eos.', 4, '2018-09-12 23:46:33', '2018-09-12 23:46:33'),
(255, 40, 'Pink Altenwerth', 'Cumque quisquam corrupti impedit a ut vitae. Et beatae nemo molestias quibusdam expedita. Ea voluptas ea similique omnis. Quisquam accusamus quo quam neque sit dolor nihil. Dolorem dolorum rerum amet.', 5, '2018-09-12 23:46:33', '2018-09-12 23:46:33'),
(256, 10, 'Prof. Chester Swaniawski', 'Ut quia adipisci occaecati vel dolorem voluptatum. Perferendis enim et tempore perferendis. Ut quasi rerum odit nihil tenetur.', 2, '2018-09-12 23:46:33', '2018-09-12 23:46:33'),
(257, 31, 'Ms. Brooke Thompson I', 'Corporis laborum tempore neque ut et. Voluptatem architecto eveniet qui fugiat et culpa. A tempora commodi nemo id ut et temporibus. Sapiente cum architecto occaecati occaecati quas.', 1, '2018-09-12 23:46:33', '2018-09-12 23:46:33'),
(258, 38, 'Maximillian Farrell MD', 'Et qui cum ipsam ut voluptas impedit. Enim a soluta natus voluptas consequatur molestiae ut praesentium. Dolorem quos et amet ratione. Voluptate architecto voluptatibus voluptatum laboriosam nam.', 4, '2018-09-12 23:46:33', '2018-09-12 23:46:33'),
(259, 24, 'Ms. Graciela Hirthe', 'Incidunt minima reprehenderit ut nostrum vitae voluptas. Aut voluptatem non maxime omnis. Sit rem impedit illo ipsum est.', 0, '2018-09-12 23:46:33', '2018-09-12 23:46:33'),
(260, 2, 'Jace Mueller PhD', 'Quia a voluptatem et ut error. Cumque sed ut magnam sit. Est numquam iusto quia et ut et. Sed sequi voluptas veritatis qui est.', 1, '2018-09-12 23:46:33', '2018-09-12 23:46:33'),
(261, 7, 'Rafael Kling', 'Ipsam nesciunt ex aut et est minus. Sint quia doloribus et explicabo nam. Inventore et dolores velit rerum.', 3, '2018-09-12 23:46:33', '2018-09-12 23:46:33'),
(262, 27, 'Norwood Kiehn', 'Quia omnis ex illum dolor repudiandae. Doloremque ullam consequatur sint. Omnis incidunt voluptas fuga voluptas. Recusandae ut amet dignissimos necessitatibus ut consequatur minima.', 5, '2018-09-12 23:46:33', '2018-09-12 23:46:33'),
(263, 33, 'Demetris Altenwerth', 'Amet libero et aut fugiat asperiores velit. Praesentium enim quaerat dolores porro voluptatem porro aliquam. Quas optio delectus facere itaque sit placeat qui.', 3, '2018-09-12 23:46:33', '2018-09-12 23:46:33'),
(264, 32, 'Muriel King', 'Nihil dolores facere eius pariatur ut sit sint. Similique dolores eum voluptates sapiente magnam. Neque sed aut unde dignissimos id.', 4, '2018-09-12 23:46:33', '2018-09-12 23:46:33'),
(265, 20, 'Lilliana Mann II', 'Commodi nihil non consequuntur aperiam. Error placeat sed debitis numquam ipsa. Earum ducimus omnis ut earum. Pariatur provident eum non hic perferendis atque. Quo asperiores eum enim asperiores.', 4, '2018-09-12 23:46:34', '2018-09-12 23:46:34'),
(266, 33, 'Kelton Effertz', 'Fuga eos architecto quia fugiat a. Sint voluptatem voluptatem minima ipsam. Ut hic sed quam velit aliquam voluptas optio.', 1, '2018-09-12 23:46:34', '2018-09-12 23:46:34'),
(267, 29, 'Mr. Camron Morar', 'Labore est nisi quidem esse necessitatibus dolor autem. Eligendi rerum consequatur et impedit et natus et. Possimus iste mollitia facere sit.', 0, '2018-09-12 23:46:34', '2018-09-12 23:46:34'),
(268, 25, 'Thaddeus Senger', 'Ab dicta et ut nam rerum eos. Impedit laudantium consectetur sint unde. Voluptatum ex similique tempore corporis architecto dolor dolores.', 3, '2018-09-12 23:46:34', '2018-09-12 23:46:34'),
(269, 36, 'Mr. Lindsey Boyle', 'Amet eum laborum deserunt placeat aut. Optio libero porro esse atque atque ut. Aliquid nesciunt sed qui et eum totam.', 0, '2018-09-12 23:46:34', '2018-09-12 23:46:34'),
(270, 31, 'Anais Bayer', 'Et nam asperiores et itaque libero et ipsum. Maiores id nesciunt est iure rem. In quae esse nisi eos. Error impedit velit alias quaerat.', 2, '2018-09-12 23:46:34', '2018-09-12 23:46:34'),
(271, 6, 'Benton Haag', 'Quibusdam commodi ut dolores adipisci voluptatem quibusdam. Molestiae dignissimos ut deleniti deserunt. Enim sint et aliquam voluptates.', 0, '2018-09-12 23:46:34', '2018-09-12 23:46:34'),
(272, 24, 'Alberta Abbott', 'Rem totam impedit nemo voluptatem mollitia et. Ut vel eaque aut qui. Illo soluta et ea cumque. Temporibus praesentium aliquid aut ea veritatis necessitatibus repellat.', 4, '2018-09-12 23:46:34', '2018-09-12 23:46:34'),
(273, 10, 'Mrs. Geraldine Green IV', 'Quidem est sint culpa minima placeat molestias eos. Dolorem et at ut rerum vel. In nesciunt similique excepturi voluptates reiciendis. Similique dolorem provident sint enim.', 1, '2018-09-12 23:46:34', '2018-09-12 23:46:34'),
(274, 19, 'Eveline Erdman', 'Molestiae ut nam assumenda dolores quo omnis rerum. Quia similique nesciunt nulla et sunt. Ipsam est dolore dicta.', 3, '2018-09-12 23:46:34', '2018-09-12 23:46:34'),
(275, 45, 'Prof. Ashley Wilderman', 'Placeat porro sunt ex quia. Incidunt quas iusto aspernatur fuga mollitia inventore repellendus. Voluptas voluptatem dicta et dolor laudantium. Eaque eaque iure unde dolor.', 5, '2018-09-12 23:46:34', '2018-09-12 23:46:34'),
(276, 33, 'Mac Huels', 'Voluptatibus sapiente cupiditate repudiandae in ab dolorem. Sit sint ut cumque quas est alias. Magnam sit necessitatibus veniam vel recusandae quo. Consequatur numquam temporibus dolorum omnis.', 3, '2018-09-12 23:46:34', '2018-09-12 23:46:34'),
(277, 22, 'Callie Mayer', 'A aut sapiente eaque assumenda voluptate. Amet ducimus suscipit omnis et consequatur debitis animi. Beatae corporis ut eius eius.', 0, '2018-09-12 23:46:34', '2018-09-12 23:46:34'),
(278, 45, 'Ms. Irma Mueller', 'Veritatis quae doloribus molestiae ut. Exercitationem aut est doloremque assumenda aut accusantium. Ut voluptas qui repellendus qui velit. Eveniet vero voluptatem velit eligendi.', 4, '2018-09-12 23:46:34', '2018-09-12 23:46:34'),
(279, 2, 'Una Daugherty', 'Eum ut earum quasi voluptatem natus voluptatum id. Natus reiciendis error quia ut ea consequatur consequatur.', 1, '2018-09-12 23:46:34', '2018-09-12 23:46:34'),
(280, 25, 'Noelia Larson', 'Sunt qui placeat laudantium. Omnis ducimus tenetur consequatur qui est sit.', 1, '2018-09-12 23:46:34', '2018-09-12 23:46:34'),
(281, 10, 'Dena Green', 'Molestiae expedita rerum repellat et. Eum ipsum itaque nam maiores odio. A quasi exercitationem maxime sint optio.', 4, '2018-09-12 23:46:34', '2018-09-12 23:46:34'),
(282, 15, 'Prof. Shaun Shanahan', 'Aut molestiae eum adipisci. Ratione non esse nesciunt harum qui. Officia quo ea dolor voluptatum sint id voluptatem.', 3, '2018-09-12 23:46:34', '2018-09-12 23:46:34'),
(283, 28, 'Tanner Ebert', 'Eveniet laborum officiis eos quo placeat. Cumque impedit possimus omnis iste consequatur. Eius enim architecto dolores ipsam quia. Omnis accusantium libero id in.', 5, '2018-09-12 23:46:34', '2018-09-12 23:46:34'),
(284, 8, 'Yadira Collins', 'Facilis blanditiis beatae harum maxime distinctio. Quidem placeat minus qui quod. Numquam omnis laudantium tenetur harum rerum quos.', 4, '2018-09-12 23:46:34', '2018-09-12 23:46:34'),
(285, 30, 'Adrian Carroll IV', 'Repellat nulla qui quasi quibusdam. Repudiandae mollitia ut perspiciatis sed atque accusantium. Perspiciatis nostrum dolorem officiis ex quod sint. Repellat officiis voluptate eum est corrupti sunt ratione esse. Sunt reiciendis eveniet consequatur exercitationem sed quam.', 5, '2018-09-12 23:46:34', '2018-09-12 23:46:34'),
(286, 40, 'Junius Smitham', 'Ipsum voluptatum odio mollitia tempora neque. Dolore quas ut suscipit minus et ipsa in. Eos officia et consequatur aut et.', 0, '2018-09-12 23:46:34', '2018-09-12 23:46:34'),
(287, 48, 'Ms. Verdie Blanda DDS', 'Qui provident voluptatem et deserunt voluptate maxime voluptatibus dolores. Veritatis beatae quibusdam suscipit assumenda qui nobis ut. Vero non earum sit ab hic quod earum. Maxime dolor excepturi ratione quas amet repellendus esse.', 5, '2018-09-12 23:46:34', '2018-09-12 23:46:34'),
(288, 44, 'Otha Dach IV', 'Omnis quasi nostrum sint culpa consequatur vel ut. Vel sit molestiae officia officia harum. Doloribus sit laudantium voluptatum impedit praesentium doloribus debitis. Enim tenetur doloribus blanditiis quo consequatur quo atque.', 5, '2018-09-12 23:46:34', '2018-09-12 23:46:34'),
(289, 21, 'Maeve Koelpin', 'Quisquam sint at labore nihil quisquam nostrum. Aut quos maxime sunt provident distinctio sit tempore. Sed ducimus porro est. Rerum officiis qui aut iste.', 2, '2018-09-12 23:46:34', '2018-09-12 23:46:34'),
(290, 18, 'Leanna McKenzie', 'Voluptatem ut facilis et nemo sunt quia dolor. Error quidem temporibus aut ipsa doloremque omnis.', 4, '2018-09-12 23:46:34', '2018-09-12 23:46:34'),
(291, 10, 'Prof. Rolando McClure', 'Voluptatem quidem magnam consequatur est vero voluptatem aut. Possimus in itaque voluptatum reiciendis dolorum in soluta. Ut repellat id provident. Ut nesciunt illo id laudantium necessitatibus qui quis.', 3, '2018-09-12 23:46:34', '2018-09-12 23:46:34'),
(292, 25, 'Clair Koss', 'Alias aut maxime minima nulla nobis rerum. Et et ut exercitationem quibusdam suscipit asperiores. Et reiciendis quis sint quis provident.', 4, '2018-09-12 23:46:34', '2018-09-12 23:46:34'),
(293, 24, 'Okey Lubowitz', 'Qui rerum id sequi. Incidunt sunt officiis nesciunt minus earum. Voluptatem voluptatem debitis qui ut eum dolorem beatae dolor.', 0, '2018-09-12 23:46:34', '2018-09-12 23:46:34'),
(294, 21, 'Terence Veum', 'Qui dolore autem magni. Optio quibusdam molestiae quod et laborum debitis similique. Sapiente dolor mollitia molestiae perspiciatis veniam doloremque molestiae. Sint reiciendis ea odit iusto nobis omnis maiores.', 0, '2018-09-12 23:46:34', '2018-09-12 23:46:34'),
(295, 42, 'Miss Annalise Fisher IV', 'Reprehenderit corrupti doloremque magni nisi. Pariatur ipsa eius accusamus corrupti. Voluptatem deserunt ut harum et veritatis eaque. Iure aliquid velit odio magni optio sunt. Quis sed corporis rerum autem enim aperiam tenetur.', 5, '2018-09-12 23:46:34', '2018-09-12 23:46:34'),
(296, 41, 'Retha Sporer', 'Velit est sit odio vitae odio dolorem. Est dolores laudantium sapiente iusto officiis sint sed. Possimus provident sequi aliquam voluptatem nostrum voluptatum.', 5, '2018-09-12 23:46:34', '2018-09-12 23:46:34'),
(297, 34, 'Joanne Flatley', 'Veniam quae harum nihil. Quae accusantium nostrum alias fugiat illum perspiciatis.', 3, '2018-09-12 23:46:34', '2018-09-12 23:46:34'),
(298, 39, 'Prof. Zella Predovic', 'Illum fugit quisquam qui perferendis itaque ipsum. Qui est cumque dolore ea ratione. Doloremque itaque illo optio voluptatem necessitatibus natus.', 0, '2018-09-12 23:46:34', '2018-09-12 23:46:34'),
(299, 47, 'Jace Abernathy', 'Unde est eaque eligendi. Dolorem incidunt facere sed omnis quos molestias. Laboriosam vero beatae tempora error quo. Odit voluptates quasi debitis ut ipsam nobis amet.', 1, '2018-09-12 23:46:34', '2018-09-12 23:46:34'),
(300, 8, 'Clemmie Senger', 'Quia et ipsum dignissimos fuga aliquid ut. Quia reprehenderit laborum quis placeat debitis non ad maxime. Quos fuga quam aut eveniet dolores ut voluptas maiores. Aliquam qui consequuntur et repellat commodi labore ab.', 3, '2018-09-12 23:46:34', '2018-09-12 23:46:34');

-- --------------------------------------------------------

--
-- Table structure for table `users`
--

CREATE TABLE `users` (
  `id` int(10) UNSIGNED NOT NULL,
  `name` varchar(191) COLLATE utf8mb4_unicode_ci NOT NULL,
  `email` varchar(191) COLLATE utf8mb4_unicode_ci NOT NULL,
  `password` varchar(191) COLLATE utf8mb4_unicode_ci NOT NULL,
  `remember_token` varchar(100) COLLATE utf8mb4_unicode_ci DEFAULT NULL,
  `created_at` timestamp NULL DEFAULT NULL,
  `updated_at` timestamp NULL DEFAULT NULL
) ENGINE=InnoDB DEFAULT CHARSET=utf8mb4 COLLATE=utf8mb4_unicode_ci;

--
-- Indexes for dumped tables
--

--
-- Indexes for table `migrations`
--
ALTER TABLE `migrations`
  ADD PRIMARY KEY (`id`);

--
-- Indexes for table `password_resets`
--
ALTER TABLE `password_resets`
  ADD KEY `password_resets_email_index` (`email`);

--
-- Indexes for table `products`
--
ALTER TABLE `products`
  ADD PRIMARY KEY (`id`);

--
-- Indexes for table `reviews`
--
ALTER TABLE `reviews`
  ADD PRIMARY KEY (`id`),
  ADD KEY `reviews_product_id_foreign` (`product_id`);

--
-- Indexes for table `users`
--
ALTER TABLE `users`
  ADD PRIMARY KEY (`id`),
  ADD UNIQUE KEY `users_email_unique` (`email`);

--
-- AUTO_INCREMENT for dumped tables
--

--
-- AUTO_INCREMENT for table `migrations`
--
ALTER TABLE `migrations`
  MODIFY `id` int(10) UNSIGNED NOT NULL AUTO_INCREMENT, AUTO_INCREMENT=13;

--
-- AUTO_INCREMENT for table `products`
--
ALTER TABLE `products`
  MODIFY `id` int(10) UNSIGNED NOT NULL AUTO_INCREMENT, AUTO_INCREMENT=51;

--
-- AUTO_INCREMENT for table `reviews`
--
ALTER TABLE `reviews`
  MODIFY `id` int(10) UNSIGNED NOT NULL AUTO_INCREMENT, AUTO_INCREMENT=301;

--
-- AUTO_INCREMENT for table `users`
--
ALTER TABLE `users`
  MODIFY `id` int(10) UNSIGNED NOT NULL AUTO_INCREMENT;

--
-- Constraints for dumped tables
--

--
-- Constraints for table `reviews`
--
ALTER TABLE `reviews`
  ADD CONSTRAINT `reviews_product_id_foreign` FOREIGN KEY (`product_id`) REFERENCES `products` (`id`) ON DELETE CASCADE ON UPDATE CASCADE;
COMMIT;

/*!40101 SET CHARACTER_SET_CLIENT=@OLD_CHARACTER_SET_CLIENT */;
/*!40101 SET CHARACTER_SET_RESULTS=@OLD_CHARACTER_SET_RESULTS */;
/*!40101 SET COLLATION_CONNECTION=@OLD_COLLATION_CONNECTION */;
